region,ASIN,popularity
Unknown,B09SDXFFQ1,455
Unknown,B09SDY8DCT,419
Unknown,B09SDYQ3WG,307
Unknown,B08B3Z2YY3,288
Unknown,B09SDXRYBG,283
Unknown,B09SDXSQ33,191
Unknown,B09SDY4VDC,180
Unknown,B0894XH3LN,179
Unknown,B09SDY9SQ6,169
Unknown,B081WVMMCY,160
Unknown,B0894YFQ5R,103
Unknown,B0894XKVH3,97
Unknown,B099NQQ79L,96
Unknown,B0894Y4PNG,93
Unknown,B0894X27FC,90
Unknown,B09SDXG1CP,89
Unknown,B09SDXTRS9,89
Unknown,B099NRCT7B,88
Unknown,B09NQ4NM75,86
Unknown,B09RKD6KWL,81
Unknown,B09NQ44RNV,79
Unknown,B081WX4G4Q,77
Unknown,B099NQJZPQ,75
Unknown,B09HMTKV2L,73
Unknown,B0894Y3VBB,71
Unknown,B09TH2ZFSY,69
Unknown,B099NR7612,68
Unknown,B099NR3NXY,67
Unknown,B0828PD16L,66
Unknown,B08XNJ19QH,63
Unknown,B08B3Y3VHQ,61
Unknown,B09SDYL6L1,58
Unknown,B09SDX13G7,56
Unknown,B09NQ4CZ65,55
Unknown,B099NSQP4Z,53
Unknown,B0822TDMYH,52
Unknown,B08RP67NGB,52
Unknown,B09SDZ4XRT,52
Unknown,B08RP69C9N,51
Unknown,B09K3LJWBB,51
Unknown,B09NQ4DD29,51
Unknown,B09SDY51NS,51
Unknown,B09SDZF54G,49
Unknown,B09SDYWXDS,48
Unknown,B08XNJG8B1,47
Unknown,B08YNFKKGY,47
Unknown,B09RKFDT7Q,47
Unknown,B099NJV9X7,46
Unknown,B099NK55YG,46
Unknown,B09K39CKVP,44
Unknown,B09SDYSR1F,44
Unknown,B081WPK66G,43
Unknown,B0894WW15B,43
Unknown,B08B415N6S,43
Unknown,B09SDZ4FH9,43
Unknown,B098315N2Z,42
Unknown,B099FBM4FZ,42
Unknown,B09RK7Q644,42
Unknown,B09811Y7WM,41
Unknown,B09SDYHWLW,41
Unknown,B09TH3H2DP,41
Unknown,B099FC9KR1,40
Unknown,B09SDYNZQ5,40
Unknown,B09RKF9GZQ,39
Unknown,B07R5X9WJB,38
Unknown,B081WY1SP3,38
Unknown,B08N4H7B3Y,38
Unknown,B09SDXPCRB,38
Unknown,B09TH6N96L,38
Unknown,B089G2JV7X,37
Unknown,B09SDXQ3X9,37
Unknown,B099NJKJ54,36
Unknown,B09K3DQZ66,36
Unknown,B09RKF9RSW,36
Unknown,B09RKFBMYD,36
Unknown,B09SDXWNPZ,36
Unknown,B079WX69ZM,35
Unknown,B08PCW5HD7,35
Unknown,B099FCT65D,35
Unknown,B099S9DTR2,35
Unknown,B09KXV4BN8,35
Unknown,B09M76SVFW,35
Unknown,B09RK65QV5,35
Unknown,B09TH37FXC,35
Unknown,B09TH59KYD,35
Unknown,B08KS2BCHS,34
Unknown,B08N4RDVZP,34
Unknown,B0925WM8Z6,34
Unknown,B09831YHGV,34
Unknown,B09HMHM56Y,34
Unknown,B09RKDGZ2D,34
Unknown,B09SDXB141,34
Unknown,B09TH68L97,34
Unknown,B09TZV2J9G,34
Unknown,B09Y3G52V3,34
Unknown,B0822SX9WB,33
Unknown,B089G2K69F,33
Unknown,B08B3YK5R3,33
Unknown,B08N4TGTRV,33
Unknown,B08XNDL1DL,33
Unknown,B09KXWW582,33
Unknown,B09RP8WLNY,33
Unknown,B09RP8WY5J,33
Unknown,B09TH43NW5,33
Unknown,B09TH73PT5,32
Unknown,B079WYDLLS,31
Unknown,B098112V2V,31
Unknown,B099NWNGVK,31
Unknown,B09K3938KW,31
Unknown,B09KXTVXM9,31
Unknown,B09KXW4WQC,31
Unknown,B09M6WZX2J,31
Unknown,B09TH4H7T2,31
Unknown,B08CMV6SCJ,30
Unknown,B08N4XHHCQ,30
Unknown,B08RP29G54,30
Unknown,B099FDMD6T,30
Unknown,B09KXTJKKG,30
Unknown,B09NDKJKPN,30
Unknown,B09NQ7PCW9,30
Unknown,B09TH2YML8,30
Unknown,B09TH5VZK6,30
Unknown,B08B3YB1FR,29
Unknown,B08HHJRFQP,29
Unknown,B08RNPK8FX,29
Unknown,B0983GWPF1,29
Unknown,B09K3CQ75T,29
Unknown,B09K3PDMBM,29
Unknown,B09NQ3MPRM,29
Unknown,B09RKBXM5B,29
Unknown,B09Y3MWCDM,29
Unknown,B081WRP562,28
Unknown,B081WT6GG7,28
Unknown,B089G31L36,28
Unknown,B08KRXV1QR,28
Unknown,B08QGNW2H8,28
Unknown,B08RP2Y81T,28
Unknown,B08RP3TP66,28
Unknown,B08XNGQCGM,28
Unknown,B08YZ1H4TG,28
Unknown,B098136DNF,28
Unknown,B09831N6TV,28
Unknown,B09K3TFNR8,28
Unknown,B09PN4P12Y,28
Unknown,B09RPJD74Z,28
Unknown,B0822TK3YM,27
Unknown,B08RP3LHNB,27
Unknown,B099NFZJVC,27
Unknown,B099NNYQ1K,27
Unknown,B09K3TM23D,27
Unknown,B09M75YGQF,27
Unknown,B09SDZ64HF,27
Unknown,B09TH33GBM,27
Unknown,B09TH3MNW7,27
Unknown,B09TH61GMF,27
Unknown,B09TZV58PW,27
Unknown,B077MM3LFJ,26
Unknown,B089G2L483,26
Unknown,B08B3XS7ST,26
Unknown,B08CMMN974,26
Unknown,B08HHJP41L,26
Unknown,B08HK4W6YT,26
Unknown,B08KRZRSCL,26
Unknown,B08N498WCX,26
Unknown,B08WPR181B,26
Unknown,B08YZ24516,26
Unknown,B0982ZDB2S,26
Unknown,B098316HXL,26
Unknown,B099FCBF34,26
Unknown,B099NTSTM2,26
Unknown,B09K3WFR76,26
Unknown,B09NQ4QS13,26
Unknown,B09NQ6824N,26
Unknown,B09RKBXH45,26
Unknown,B09RPQV7SV,26
Unknown,B07R5XKXL4,25
Unknown,B081WSCKPQ,25
Unknown,B08CMN1K86,25
Unknown,B08CMRGFFJ,25
Unknown,B08MXF6MZF,25
Unknown,B08N19XG53,25
Unknown,B08QGJWRRZ,25
Unknown,B08RP4JJPD,25
Unknown,B08YYSX188,25
Unknown,B0983GGFYD,25
Unknown,B099NJQ8JQ,25
Unknown,B099NS3FWG,25
Unknown,B09G2STB6H,25
Unknown,B09PN41YXK,25
Unknown,B09QJMF9YB,25
Unknown,B09RK67Y51,25
Unknown,B09YYQV9JG,25
Unknown,B07S8VQ9Y4,24
Unknown,B081WSL2JS,24
Unknown,B081XBQBGF,24
Unknown,B089G1HM97,24
Unknown,B08BJR2R7M,24
Unknown,B08CMJBRQV,24
Unknown,B08CN3P4HX,24
Unknown,B08QGHTFWF,24
Unknown,B08RNX8Q22,24
Unknown,B08RP3YXBX,24
Unknown,B08YYYDN9R,24
Unknown,B091Q84CBF,24
Unknown,B0925X6RTJ,24
Unknown,B098133PV5,24
Unknown,B099S7RJ69,24
Unknown,B09B3HRDLP,24
Unknown,B09K3TMCKY,24
Unknown,B09K3ZKHMW,24
Unknown,B09KXT4VG7,24
Unknown,B09RKD9PDZ,24
Unknown,B09RPRS8JL,24
Unknown,B09SDY68JK,24
Unknown,B09TZTF5VF,24
Unknown,B09Y3GBB15,24
Unknown,B09YYPWNT8,24
Unknown,B081WSTXZ9,23
Unknown,B081X4KQ14,23
Unknown,B082W7MZVQ,23
Unknown,B08HHJQ3F4,23
Unknown,B08HK5JSM1,23
Unknown,B08KRTXC2Y,23
Unknown,B08KS2BPL8,23
Unknown,B08RP2HWM6,23
Unknown,B08YYZWV9C,23
Unknown,B08YZ243V6,23
Unknown,B08YZ4WLT3,23
Unknown,B091T25NQG,23
Unknown,B0982Z4W2G,23
Unknown,B0986XTYKD,23
Unknown,B099FC39QH,23
Unknown,B099FCVXXD,23
Unknown,B09HMY74F6,23
Unknown,B09M6S4DML,23
Unknown,B09RKD8NGR,23
Unknown,B01LYC0N7Q,22
Unknown,B07WV4M3RF,22
Unknown,B0822TVYZ1,22
Unknown,B0894XGJ83,22
Unknown,B089G1JQCK,22
Unknown,B089G1ZNLX,22
Unknown,B08CMHNWBN,22
Unknown,B08QGKNC21,22
Unknown,B08RYRBZPC,22
Unknown,B08W98B8ZN,22
Unknown,B08ZHZWF2N,22
Unknown,B08ZYPQ3XV,22
Unknown,B091Q97FJ7,22
Unknown,B091Q9FQ4B,22
Unknown,B0922TK8CF,22
Unknown,B0925YDWP9,22
Unknown,B09812G7DK,22
Unknown,B099NQKVD6,22
Unknown,B09CT47S1K,22
Unknown,B09HM9HC4T,22
Unknown,B09HMS8F1B,22
Unknown,B09K3G4TS6,22
Unknown,B09K3XZC3J,22
Unknown,B09QJ3RGB6,22
Unknown,B09RK7CGHJ,22
Unknown,B09RKBXV4Z,22
Unknown,B09RKDJ9SQ,22
Unknown,B09SDXL8S4,22
Unknown,B09SDZW3GY,22
Unknown,B079WXK84M,21
Unknown,B07K3R51CL,21
Unknown,B07WT55S56,21
Unknown,B0822T2BM8,21
Unknown,B08B3YH18X,21
Unknown,B08BFT4ZKX,21
Unknown,B08QGK2BYL,21
Unknown,B08QGNNTQ2,21
Unknown,B08W8DJG7F,21
Unknown,B08XQ8R6GW,21
Unknown,B0922QTZQ5,21
Unknown,B0982ZYR1X,21
Unknown,B09831FVYR,21
Unknown,B09HMY3YLT,21
Unknown,B09K3BNDTT,21
Unknown,B09K3JVNR1,21
Unknown,B09K3KMF92,21
Unknown,B09M75WS4Q,21
Unknown,B09QJ57JPK,21
Unknown,B09RKDB8SB,21
Unknown,B09RKF8L5N,21
Unknown,B09SDXPHNC,21
Unknown,B09SDY7MHD,21
Unknown,B09SDYGHX3,21
Unknown,B09SDZ14KR,21
Unknown,B09TH53Q68,21
Unknown,B09VC5Z5Z7,21
Unknown,B07WP5DYSW,20
Unknown,B07WP5HGBG,20
Unknown,B07WS16S4C,20
Unknown,B081X4S826,20
Unknown,B082W7Y2KY,20
Unknown,B08B3GTC12,20
Unknown,B08B3YV7L2,20
Unknown,B08B3YVCK3,20
Unknown,B08RYQQD6Z,20
Unknown,B08W9KCKQD,20
Unknown,B08YYTCPYX,20
Unknown,B08ZYQ716N,20
Unknown,B08ZYQB6HN,20
Unknown,B0982ZYH1C,20
Unknown,B0983D9C65,20
Unknown,B0983F2ZJW,20
Unknown,B099FDH3P2,20
Unknown,B099S87FTK,20
Unknown,B09HMM2G1B,20
Unknown,B09K3S1BWQ,20
Unknown,B09KXSVTDB,20
Unknown,B09KXV4TTM,20
Unknown,B09LV1Q3DT,20
Unknown,B09M6STTBC,20
Unknown,B09NQ4XYV9,20
Unknown,B09PN1HZ58,20
Unknown,B09RK757KM,20
Unknown,B09RKFZ1KH,20
Unknown,B09Y26SM95,20
Unknown,B09Y3FNR5D,20
Unknown,B07H7DD9D5,19
Unknown,B07K3VQMML,19
Unknown,B07K4C1KTB,19
Unknown,B07T1XDM5P,19
Unknown,B081WSGX1L,19
Unknown,B0822TBFW3,19
Unknown,B089B19HGM,19
Unknown,B089B1GM9F,19
Unknown,B089B23C54,19
Unknown,B08HK4MG14,19
Unknown,B08PCSJ2M6,19
Unknown,B08WPR5MCB,19
Unknown,B08ZHT1PKK,19
Unknown,B091SW66WJ,19
Unknown,B091T5FWQC,19
Unknown,B091YNCY8B,19
Unknown,B0983292DV,19
Unknown,B0983FN98F,19
Unknown,B09K38ZCR6,19
Unknown,B09K3SHVLV,19
Unknown,B09K3Y42F5,19
Unknown,B09M768PCX,19
Unknown,B09NDK8FFH,19
Unknown,B09QJ51MBL,19
Unknown,B09TH43SGS,19
Unknown,B09TH54761,19
Unknown,B09TZSJVFX,19
Unknown,B09VC63Y2N,19
Unknown,B09YYR23XR,19
Unknown,B09YYRG28X,19
Unknown,B077M6KWYJ,18
Unknown,B07BL222Q1,18
Unknown,B07S8WFN2J,18
Unknown,B0822SHZ5K,18
Unknown,B0822TFD7Y,18
Unknown,B082W8DNQX,18
Unknown,B089G28YYW,18
Unknown,B08B3XF5MH,18
Unknown,B08B3YSLXV,18
Unknown,B08HHJPWBS,18
Unknown,B08PCTRGGR,18
Unknown,B08RYPRVPV,18
Unknown,B08RYPWC3J,18
Unknown,B08W9K3MXR,18
Unknown,B08YYQS8FH,18
Unknown,B08YYZCTJX,18
Unknown,B08YZ19DL9,18
Unknown,B091Q97C9S,18
Unknown,B0983121HP,18
Unknown,B0983G1KLL,18
Unknown,B099FC46Q8,18
Unknown,B099NMK3ZV,18
Unknown,B099S6795L,18
Unknown,B09B3GS5CM,18
Unknown,B09CTF82YW,18
Unknown,B09G2R8XLM,18
Unknown,B09K36BDS5,18
Unknown,B09K3CNYF5,18
Unknown,B09K3P2BCG,18
Unknown,B09K3S3FFN,18
Unknown,B09KXV6T8Q,18
Unknown,B09LD24932,18
Unknown,B09M6X6C6T,18
Unknown,B09NDLSGZM,18
Unknown,B09QJ51J2K,18
Unknown,B09RK63SGY,18
Unknown,B09RKDH2BT,18
Unknown,B09RKDW3QG,18
Unknown,B09SDXTRG1,18
Unknown,B09TH5KHC9,18
Unknown,B09VC53FQW,18
Unknown,B09Y3FN5LQ,18
Unknown,B06Y57CT5J,17
Unknown,B0822V3DMF,17
Unknown,B0822VVHCN,17
Unknown,B0894YJNT9,17
Unknown,B0899Y6NVG,17
Unknown,B08B3Y6ZXM,17
Unknown,B08B3YPXKZ,17
Unknown,B08B3YWTLK,17
Unknown,B08CMG9FVB,17
Unknown,B08HK4WHNK,17
Unknown,B08KRZK1NB,17
Unknown,B08N43MK22,17
Unknown,B08WJ2B2QY,17
Unknown,B08XNJ8P3S,17
Unknown,B08YYZNFQG,17
Unknown,B091Q8GQLG,17
Unknown,B091T32P4L,17
Unknown,B0925W64DT,17
Unknown,B0925WSV76,17
Unknown,B098124671,17
Unknown,B0983F3BLZ,17
Unknown,B099FD3RH8,17
Unknown,B099FDNFFV,17
Unknown,B099NPSHJ2,17
Unknown,B099S6YS1J,17
Unknown,B09HMVWDN3,17
Unknown,B09K3LL5SD,17
Unknown,B09K3LRFQF,17
Unknown,B09K3LRR2T,17
Unknown,B09K3QVXBS,17
Unknown,B09K3THDTH,17
Unknown,B09K3W2LHF,17
Unknown,B09K3WFS32,17
Unknown,B09K3X5D97,17
Unknown,B09KXTTVB5,17
Unknown,B09KXVBD7Z,17
Unknown,B09LV1SJKT,17
Unknown,B09M6TQTGV,17
Unknown,B09NQ47F17,17
Unknown,B09PN3TB2G,17
Unknown,B09QJ495SF,17
Unknown,B09QJ4BFQQ,17
Unknown,B09QJ4PXZ3,17
Unknown,B09RK6NS3V,17
Unknown,B09RKB4VDD,17
Unknown,B09RKB7M2D,17
Unknown,B09RKDPH6J,17
Unknown,B09RKDXRZK,17
Unknown,B09SDYG7YP,17
Unknown,B09SDZ78G5,17
Unknown,B09TZTZ58D,17
Unknown,B07H6HKBLD,16
Unknown,B07K44CD3P,16
Unknown,B081X18FL6,16
Unknown,B08B3YNJG5,16
Unknown,B08BFVXK6N,16
Unknown,B08MXFT72L,16
Unknown,B08N48MV3R,16
Unknown,B08QGMYV8L,16
Unknown,B08RP1Z6L4,16
Unknown,B08RYQNCQ1,16
Unknown,B08W8NPXMS,16
Unknown,B08YZ138QZ,16
Unknown,B08YZ16M9S,16
Unknown,B08YZ1B283,16
Unknown,B08ZYPD8GX,16
Unknown,B0922TJXMK,16
Unknown,B09812HV48,16
Unknown,B0983DYB2P,16
Unknown,B099NS55L1,16
Unknown,B099S7P9S7,16
Unknown,B09CT26LGZ,16
Unknown,B09CTCDDQ4,16
Unknown,B09G2T795K,16
Unknown,B09HMG9NV1,16
Unknown,B09HMXJVFS,16
Unknown,B09K3MMPJX,16
Unknown,B09M76KXC7,16
Unknown,B09NQ51MPV,16
Unknown,B09PCZW5L1,16
Unknown,B09QJ4YB1F,16
Unknown,B09QJ6676Y,16
Unknown,B09RK67T5V,16
Unknown,B09RK6BZYM,16
Unknown,B09RKCWNYM,16
Unknown,B09RKD2Z9R,16
Unknown,B09RKDRDRJ,16
Unknown,B09RKDXXC4,16
Unknown,B09RKFRBJB,16
Unknown,B09RP8VTX6,16
Unknown,B09TH7F8WY,16
Unknown,B07141LX6Q,15
Unknown,B0783Q5HMF,15
Unknown,B0793S7MBC,15
Unknown,B0794YR85H,15
Unknown,B07K41S1J4,15
Unknown,B07R5XFLN3,15
Unknown,B07SBYCJ74,15
Unknown,B081X7JHBC,15
Unknown,B081XDD1NK,15
Unknown,B0822VTWZS,15
Unknown,B0893DJL8B,15
Unknown,B089G1TKY8,15
Unknown,B08B3Z38TJ,15
Unknown,B08HK1DGRW,15
Unknown,B08PCRPSKP,15
Unknown,B08PCVMF6R,15
Unknown,B08QGKDCNW,15
Unknown,B08QGMNRBT,15
Unknown,B08W1HC76G,15
Unknown,B08W9Z3BJF,15
Unknown,B08YYX8VKT,15
Unknown,B08YZ1L831,15
Unknown,B08YZ2ZXT7,15
Unknown,B08ZH9GDTY,15
Unknown,B0922SLD43,15
Unknown,B0943N6JL2,15
Unknown,B0982ZBHYK,15
Unknown,B0982ZRDSY,15
Unknown,B09831XC46,15
Unknown,B0986Y2KBV,15
Unknown,B099FB2C9L,15
Unknown,B099NP42BF,15
Unknown,B099NTV5ZV,15
Unknown,B09B2G7CKV,15
Unknown,B09CTFP96V,15
Unknown,B09HMSSM5B,15
Unknown,B09K3KGJ8S,15
Unknown,B09K3SJVR1,15
Unknown,B09K3T9XRW,15
Unknown,B09K3V84KC,15
Unknown,B09KXPYTCZ,15
Unknown,B09LTZR8MC,15
Unknown,B09LV1K1PD,15
Unknown,B09M6SCRZ6,15
Unknown,B09NQ3TN2T,15
Unknown,B09PN37FYX,15
Unknown,B09QJ362XS,15
Unknown,B09QJ4HQ1G,15
Unknown,B09QJM9NDP,15
Unknown,B09RKCC8WS,15
Unknown,B09RKCY6NK,15
Unknown,B09RKDGKTM,15
Unknown,B09RKDH9X6,15
Unknown,B09RKDYFFP,15
Unknown,B09SDY9GXB,15
Unknown,B09TH6T8FV,15
Unknown,B09TZSN6PK,15
Unknown,B09VC5F9KB,15
Unknown,B07FXVP936,14
Unknown,B081WZDHB3,14
Unknown,B0822VCQQC,14
Unknown,B0893DHZYM,14
Unknown,B08B3XRK43,14
Unknown,B08B3YMCZK,14
Unknown,B08B3ZDQYR,14
Unknown,B08BFL5B9S,14
Unknown,B08HK4PJWJ,14
Unknown,B08KRXTFXH,14
Unknown,B08KS1W7V8,14
Unknown,B08QGJR8RG,14
Unknown,B08QGKF6W4,14
Unknown,B08TZTCG89,14
Unknown,B08W9TLV6J,14
Unknown,B08WJ1VNCH,14
Unknown,B08YYR9G96,14
Unknown,B08YYV8NZL,14
Unknown,B08YZ2L9TX,14
Unknown,B08ZYPCX6Y,14
Unknown,B091T1N5WV,14
Unknown,B091XYDRMV,14
Unknown,B0925X12DQ,14
Unknown,B0982ZJ666,14
Unknown,B09832FGG4,14
Unknown,B0983DSS8R,14
Unknown,B099NJKQP6,14
Unknown,B099NK1G2C,14
Unknown,B099NK7Y5P,14
Unknown,B099NMQR6C,14
Unknown,B099NP7JBN,14
Unknown,B09B2F5N2H,14
Unknown,B09B3GWVJ9,14
Unknown,B09K3HGTRS,14
Unknown,B09K3NFPCM,14
Unknown,B09K3R6L8S,14
Unknown,B09K3Y4T4D,14
Unknown,B09K3Z4GHN,14
Unknown,B09K3ZR9ZG,14
Unknown,B09K41PGGB,14
Unknown,B09KXSKLS6,14
Unknown,B09KXT773V,14
Unknown,B09M6SF2XW,14
Unknown,B09M6YZ9K1,14
Unknown,B09M768N86,14
Unknown,B09NDKDH96,14
Unknown,B09NPX3HG3,14
Unknown,B09PN5N9FP,14
Unknown,B09QJ49VXB,14
Unknown,B09QJ5LYDH,14
Unknown,B09QJKR216,14
Unknown,B09RKDPHFP,14
Unknown,B09RKDTPRF,14
Unknown,B09RKF7PZB,14
Unknown,B09RSVRX2Y,14
Unknown,B09RSX8B8D,14
Unknown,B09SDYFGMR,14
Unknown,B09SDYHWLX,14
Unknown,B09SDYJ5ZW,14
Unknown,B09TH6YPPJ,14
Unknown,B09TH7GXJW,14
Unknown,B09YYS4ZTZ,14
Unknown,B07G2CSMX9,13
Unknown,B07GPGP46N,13
Unknown,B07K3YQLF1,13
Unknown,B07R3KS3DN,13
Unknown,B07R51NJC2,13
Unknown,B07R5X6P32,13
Unknown,B07T62PKNM,13
Unknown,B0822SW3QS,13
Unknown,B0822T4YG6,13
Unknown,B082W891PY,13
Unknown,B0894WT213,13
Unknown,B0894X9QY9,13
Unknown,B0894YWSQN,13
Unknown,B08B3YC7HZ,13
Unknown,B08B3YTPVS,13
Unknown,B08BF4PWCT,13
Unknown,B08KRYGJD1,13
Unknown,B08MXBX6B7,13
Unknown,B08MXFM318,13
Unknown,B08MYRR1ZW,13
Unknown,B08N4RTJCY,13
Unknown,B08QGJ32WW,13
Unknown,B08QGKHDN3,13
Unknown,B08QGM18YN,13
Unknown,B08RYPBDD4,13
Unknown,B08V1JND9P,13
Unknown,B08V1R1244,13
Unknown,B08WPTJBBD,13
Unknown,B08YYTHKY5,13
Unknown,B08YYXJJ4V,13
Unknown,B08YZ13V5N,13
Unknown,B08YZ175BR,13
Unknown,B08YZ1Z5XS,13
Unknown,B091Q8YDPP,13
Unknown,B091Q9J9QL,13
Unknown,B091Y3X391,13
Unknown,B09811GCYY,13
Unknown,B098312LNC,13
Unknown,B0983BR8XF,13
Unknown,B0983F1V7R,13
Unknown,B0983G9Z9T,13
Unknown,B099NN1G6X,13
Unknown,B09K3S4P57,13
Unknown,B09K3YYJP5,13
Unknown,B09K3ZC3LK,13
Unknown,B09K3ZT165,13
Unknown,B09LD2W9XL,13
Unknown,B09LD3CGFQ,13
Unknown,B09M762ZSF,13
Unknown,B09NDKQD88,13
Unknown,B09QJ3BDVW,13
Unknown,B09QJ3RNNY,13
Unknown,B09QJ48KSN,13
Unknown,B09QJ577FG,13
Unknown,B09QJ5BYM8,13
Unknown,B09QJ5XYT3,13
Unknown,B09RK7FBWT,13
Unknown,B09RKD4R6C,13
Unknown,B09RKDWZYC,13
Unknown,B09RKF8T2M,13
Unknown,B09RPCWKJW,13
Unknown,B09RSSRWPJ,13
Unknown,B09SDXN14H,13
Unknown,B09SDYNSM7,13
Unknown,B09TH3GYN7,13
Unknown,B09TH5VZF8,13
Unknown,B09TH8L9PW,13
Unknown,B09VC5ZGD8,13
Unknown,B09Y3F7W6T,13
Unknown,B0794XBGCZ,12
Unknown,B079WZ263P,12
Unknown,B081WWSSK7,12
Unknown,B081X513P3,12
Unknown,B081X5N76H,12
Unknown,B08B3YXQJ2,12
Unknown,B08HHJMBV4,12
Unknown,B08MXCP6LH,12
Unknown,B08N4QQDNL,12
Unknown,B08QGMDXWB,12
Unknown,B08QGNJVKR,12
Unknown,B08TZXZ1L4,12
Unknown,B08V1Q4V1K,12
Unknown,B08W28FD2K,12
Unknown,B08W8K3QX6,12
Unknown,B08W8T2TDB,12
Unknown,B08W9XJKRG,12
Unknown,B08YYSXVCG,12
Unknown,B08YYVC3WB,12
Unknown,B08YZ22Q6R,12
Unknown,B08YZ2RC62,12
Unknown,B08ZH99ND2,12
Unknown,B08ZHHR63S,12
Unknown,B08ZHKRV5F,12
Unknown,B08ZHXGSW3,12
Unknown,B08ZJ4LHQ7,12
Unknown,B08ZYP5VBV,12
Unknown,B091Q8446G,12
Unknown,B091Q8JYY5,12
Unknown,B0922V149M,12
Unknown,B0922WJ27J,12
Unknown,B0929CTSR8,12
Unknown,B09434VXFX,12
Unknown,B09811J9G9,12
Unknown,B098121HFD,12
Unknown,B0982ZDQJK,12
Unknown,B09831P2JC,12
Unknown,B09832X2FZ,12
Unknown,B0983G1FVV,12
Unknown,B0986RYVDW,12
Unknown,B099FB9BP3,12
Unknown,B099NRSX6D,12
Unknown,B099NSGTJ9,12
Unknown,B09HMNBMYC,12
Unknown,B09HMT2BX4,12
Unknown,B09HMZ3CFG,12
Unknown,B09K3JK4P9,12
Unknown,B09K3S91KQ,12
Unknown,B09K3X66GN,12
Unknown,B09K3XK9ZZ,12
Unknown,B09K3XXDMR,12
Unknown,B09K3ZQCF9,12
Unknown,B09KXR4JZC,12
Unknown,B09LM786LJ,12
Unknown,B09NDK1LZ3,12
Unknown,B09NDKGZ6V,12
Unknown,B09NDM5T7T,12
Unknown,B09NQ4C51C,12
Unknown,B09NQ56TWR,12
Unknown,B09QJ3R132,12
Unknown,B09QJ48G25,12
Unknown,B09RK9FZ47,12
Unknown,B09SDYBW5P,12
Unknown,B09SDYBW5R,12
Unknown,B09SDYMJZC,12
Unknown,B09TH3VG1V,12
Unknown,B09TH54RJ9,12
Unknown,B09TH6TF19,12
Unknown,B09TH6ZKSH,12
Unknown,B09VC57SBH,12
Unknown,B09VC6KHX8,12
Unknown,B09Y3H5PY8,12
Unknown,B09YYLPNWY,12
Unknown,B071VG5FH4,11
Unknown,B07BL27M99,11
Unknown,B07GRRLW2H,11
Unknown,B07JKYXKBJ,11
Unknown,B07R5WHLJD,11
Unknown,B07WP5GQKV,11
Unknown,B081X4S825,11
Unknown,B0822SZ9FN,11
Unknown,B0822TZ4S3,11
Unknown,B082W7Q7FK,11
Unknown,B0894WV6S6,11
Unknown,B0899K195Q,11
Unknown,B08B3YBBPT,11
Unknown,B08B3YMS62,11
Unknown,B08BF9YDKC,11
Unknown,B08HK4VS4M,11
Unknown,B08HK4X96H,11
Unknown,B08HK6WL3S,11
Unknown,B08KRYCC8J,11
Unknown,B08KRZQWTH,11
Unknown,B08KS7M7F7,11
Unknown,B08MXFRVF2,11
Unknown,B08N1CR6GS,11
Unknown,B08QGMLJF7,11
Unknown,B08QGMPGKT,11
Unknown,B08QGRCSPB,11
Unknown,B08TZX4W3Q,11
Unknown,B08W2R1L7V,11
Unknown,B08XNH9MJL,11
Unknown,B08XQB8BZQ,11
Unknown,B08YYYZMKB,11
Unknown,B08YYZ7YQZ,11
Unknown,B08YZ17D9M,11
Unknown,B08YZ1GX7H,11
Unknown,B08YZ2HJFW,11
Unknown,B08YZ4VLH2,11
Unknown,B08ZHNGS54,11
Unknown,B0922RYWBL,11
Unknown,B0925VJFP1,11
Unknown,B0929B7M5Y,11
Unknown,B094FLCKQN,11
Unknown,B0982ZBG32,11
Unknown,B0982ZDZ8H,11
Unknown,B0983FHCBX,11
Unknown,B099NM4XNX,11
Unknown,B09BQJ9J1X,11
Unknown,B09G2R6Y8J,11
Unknown,B09HMWRQP1,11
Unknown,B09K3R5C7C,11
Unknown,B09K3T3Y5T,11
Unknown,B09K3T96QK,11
Unknown,B09K4182W8,11
Unknown,B09KXQ119C,11
Unknown,B09KXW47QT,11
Unknown,B09LTYN4SC,11
Unknown,B09LTZH194,11
Unknown,B09LTZSNG1,11
Unknown,B09LV199DX,11
Unknown,B09NQ5TMFZ,11
Unknown,B09NQ8GLM5,11
Unknown,B09PN35VJ9,11
Unknown,B09PN5228H,11
Unknown,B09QJ4D21Y,11
Unknown,B09QJM97Z8,11
Unknown,B09QJNWJJW,11
Unknown,B09RK61TZX,11
Unknown,B09RKC6J4R,11
Unknown,B09RKD6B6T,11
Unknown,B09RKDCHPH,11
Unknown,B09RKDZ467,11
Unknown,B09RKF1CFD,11
Unknown,B09RKF4FNJ,11
Unknown,B09RSVKMH5,11
Unknown,B09RT3BBJZ,11
Unknown,B09SDY6ZXQ,11
Unknown,B09TH4P8P7,11
Unknown,B09TH574ZW,11
Unknown,B09TH6DNNN,11
Unknown,B09TZW311V,11
Unknown,B09Y3F5F8Q,11
Unknown,B074SZDDR9,10
Unknown,B07WW51DFC,10
Unknown,B081WZ7M52,10
Unknown,B082W7T8ZY,10
Unknown,B085HH6VWN,10
Unknown,B089G1FCC7,10
Unknown,B089G2B1FV,10
Unknown,B08B4TP9NR,10
Unknown,B08BF9DZ3F,10
Unknown,B08BJS7G2R,10
Unknown,B08BJSJX3D,10
Unknown,B08HK65T65,10
Unknown,B08MYPMVSL,10
Unknown,B08MYV6C3Y,10
Unknown,B08N19VQNW,10
Unknown,B08N1CBW4L,10
Unknown,B08N4RFHNM,10
Unknown,B08P5DW2X3,10
Unknown,B08QGLHPX3,10
Unknown,B08QGMG4RW,10
Unknown,B08QJM4J9Z,10
Unknown,B08RYNBTRN,10
Unknown,B08TRHQDFP,10
Unknown,B08TZD8JD6,10
Unknown,B08V197XLZ,10
Unknown,B08W9PN5YX,10
Unknown,B08W9PXHK5,10
Unknown,B08XW66LTH,10
Unknown,B08YYTKXNX,10
Unknown,B08YYVFDZP,10
Unknown,B08YYVFT61,10
Unknown,B08YYVN6WH,10
Unknown,B08YYZQ9VQ,10
Unknown,B08YZ1HZ7B,10
Unknown,B08YZ1RHHJ,10
Unknown,B08YZ3NKT8,10
Unknown,B08ZJBYJTN,10
Unknown,B091Q8L39S,10
Unknown,B091SV9XW1,10
Unknown,B09434XSZF,10
Unknown,B094FJ9GJ9,10
Unknown,B097ZZZ37J,10
Unknown,B098116JZS,10
Unknown,B098312LYF,10
Unknown,B09831MSSX,10
Unknown,B09831T4CQ,10
Unknown,B0983CL283,10
Unknown,B0983FLKZR,10
Unknown,B099NJ4XRB,10
Unknown,B099NP16F4,10
Unknown,B099NQHLYL,10
Unknown,B099NR21K6,10
Unknown,B099NR3RSQ,10
Unknown,B099NS29KD,10
Unknown,B099NV5WD8,10
Unknown,B099S7RVXG,10
Unknown,B099WXH67W,10
Unknown,B09CT6L67S,10
Unknown,B09HMCWNJX,10
Unknown,B09HMSF1D3,10
Unknown,B09HNRTMH9,10
Unknown,B09K3DV6Q9,10
Unknown,B09K3NLG1Z,10
Unknown,B09K3SSDSZ,10
Unknown,B09K3V4NVW,10
Unknown,B09K3VLZDG,10
Unknown,B09K3WRXNX,10
Unknown,B09K3XM19N,10
Unknown,B09K3XNZNX,10
Unknown,B09K3YHSDV,10
Unknown,B09KXNZ3X4,10
Unknown,B09KXQ1919,10
Unknown,B09KXQMF2R,10
Unknown,B09KXVG37D,10
Unknown,B09KXXQ639,10
Unknown,B09LD52HML,10
Unknown,B09LTZSL1K,10
Unknown,B09M6T4XPC,10
Unknown,B09NDMP4XK,10
Unknown,B09PY99SVJ,10
Unknown,B09QJ37SNL,10
Unknown,B09QJ3DYHK,10
Unknown,B09QJLGMQS,10
Unknown,B09RKC6YGB,10
Unknown,B09RKD6B6Y,10
Unknown,B09RKD8S67,10
Unknown,B09RKDYDPJ,10
Unknown,B09RKFD39V,10
Unknown,B09RKFFXVC,10
Unknown,B09RSV9VD7,10
Unknown,B09TH7MBHL,10
Unknown,B09TY289H8,10
Unknown,B09TZVY27D,10
Unknown,B09Y25NR54,10
Unknown,B0B3N9G26S,10
Unknown,B074SP92C5,9
Unknown,B07861T529,9
Unknown,B078NTPQHT,9
Unknown,B07HWR4P68,9
Unknown,B07MY3QM3X,9
Unknown,B07Q2M14ZC,9
Unknown,B07Q2MWDYN,9
Unknown,B07Q2SYHKY,9
Unknown,B07R487XRD,9
Unknown,B07R4ZMLC9,9
Unknown,B0822SS99K,9
Unknown,B0822W6T1C,9
Unknown,B082W7VNVX,9
Unknown,B082W8LGW2,9
Unknown,B082W8RWFV,9
Unknown,B083ZZD62Q,9
Unknown,B089FZH54C,9
Unknown,B089G11B4C,9
Unknown,B089G33DCV,9
Unknown,B08BK5LDMW,9
Unknown,B08KRVBQ9J,9
Unknown,B08MXFNM51,9
Unknown,B08MXFTM28,9
Unknown,B08MYM2SRJ,9
Unknown,B08N1B7QMP,9
Unknown,B08N1C5V5M,9
Unknown,B08N45JGMJ,9
Unknown,B08QGMKKJW,9
Unknown,B08V17X8LC,9
Unknown,B08V19JZ2F,9
Unknown,B08WPZ1N4Z,9
Unknown,B08XNG7DRS,9
Unknown,B08YYRX2L6,9
Unknown,B08YYSPGH6,9
Unknown,B08YYSWWGK,9
Unknown,B08YYTM98L,9
Unknown,B08YYVLZVH,9
Unknown,B08YYZJX1Z,9
Unknown,B08YYZNNWM,9
Unknown,B08YYZZ32H,9
Unknown,B08YZ19332,9
Unknown,B08YZ19JXH,9
Unknown,B08YZ1YZ95,9
Unknown,B08YZ2GWTM,9
Unknown,B08YZ2SBPM,9
Unknown,B08ZH7C41R,9
Unknown,B08ZH9LS2B,9
Unknown,B08ZHQJHSQ,9
Unknown,B08ZHWGYF2,9
Unknown,B08ZHWQWSX,9
Unknown,B08ZYR2ZVM,9
Unknown,B091Q8JXX9,9
Unknown,B091T8S3BP,9
Unknown,B091XR7H7X,9
Unknown,B091Z8TV5Q,9
Unknown,B0922P68HD,9
Unknown,B0922TCTTB,9
Unknown,B0922V9HP7,9
Unknown,B0925VYX6L,9
Unknown,B0925WKDP9,9
Unknown,B0928YW4MM,9
Unknown,B0929B5FX5,9
Unknown,B09811THSB,9
Unknown,B0982Z1994,9
Unknown,B0982ZB89B,9
Unknown,B0983DQLBQ,9
Unknown,B0983FZD5K,9
Unknown,B0983G38JS,9
Unknown,B0983GD1BK,9
Unknown,B098P3LXT1,9
Unknown,B099NP8KTV,9
Unknown,B099NPC16D,9
Unknown,B099NSJG7Z,9
Unknown,B099S8W6W1,9
Unknown,B09BQBB47Y,9
Unknown,B09HM2DMSZ,9
Unknown,B09HMVYKV8,9
Unknown,B09K3HVZ83,9
Unknown,B09K3JW9KT,9
Unknown,B09K3L9Z85,9
Unknown,B09K3QSXVJ,9
Unknown,B09K3R6GYF,9
Unknown,B09K3T318L,9
Unknown,B09K3WVV5F,9
Unknown,B09K3XTK9M,9
Unknown,B09KXQ9FPV,9
Unknown,B09LD2KBGR,9
Unknown,B09LD35DZ3,9
Unknown,B09LD47M1Q,9
Unknown,B09LD4J4NP,9
Unknown,B09LTZMK13,9
Unknown,B09LV1KQS1,9
Unknown,B09M74WF7C,9
Unknown,B09M74YV58,9
Unknown,B09NDL6H2B,9
Unknown,B09QJ3FWZV,9
Unknown,B09QJ4FNCN,9
Unknown,B09QJLG4DF,9
Unknown,B09QJLMRWQ,9
Unknown,B09QJLY37M,9
Unknown,B09RKCY6NL,9
Unknown,B09SDXZBGX,9
Unknown,B09SDYHHH9,9
Unknown,B09SDYTSFK,9
Unknown,B09SDZ78G7,9
Unknown,B09TH4Q14G,9
Unknown,B09TH8K7WF,9
Unknown,B09TZSJMGG,9
Unknown,B09TZT28S2,9
Unknown,B09VC68QLJ,9
Unknown,B09W644VYK,9
Unknown,B09Y3FF9K3,9
Unknown,B09YNXDH8B,9
Unknown,B0B3N7NJJ3,9
Unknown,B01LZYQ93J,8
Unknown,B074SW485J,8
Unknown,B074XD94GB,8
Unknown,B0793R98X2,8
Unknown,B079WY7GRR,8
Unknown,B07BL24MXX,8
Unknown,B07G2PJMDS,8
Unknown,B07H6L4CBM,8
Unknown,B07HWMZ61T,8
Unknown,B07WW89977,8
Unknown,B081WZ4T3V,8
Unknown,B081X2QPXK,8
Unknown,B0822RTHVK,8
Unknown,B0822TC784,8
Unknown,B0822TKGKH,8
Unknown,B082W8B28G,8
Unknown,B083ZZ8869,8
Unknown,B084KJFN62,8
Unknown,B085HRLT87,8
Unknown,B085HS947T,8
Unknown,B0893FS7QX,8
Unknown,B0894VM6TP,8
Unknown,B0894YNXQ3,8
Unknown,B0894YTN3H,8
Unknown,B089B2WLM2,8
Unknown,B089FZXRFW,8
Unknown,B08B3VSTFG,8
Unknown,B08BFCPV5R,8
Unknown,B08BJRFKHF,8
Unknown,B08BJT3PSM,8
Unknown,B08CMXZQR6,8
Unknown,B08HHJPBT8,8
Unknown,B08HK57ZZN,8
Unknown,B08MXBV2WG,8
Unknown,B08MXDBRK1,8
Unknown,B08N19RF53,8
Unknown,B08N4TVYBJ,8
Unknown,B08QGL34CQ,8
Unknown,B08QGM7FCC,8
Unknown,B08QGMPRVV,8
Unknown,B08QJL3RQ5,8
Unknown,B08RP252MK,8
Unknown,B08TZWD17Q,8
Unknown,B08WHW4T6L,8
Unknown,B08WHW7BLW,8
Unknown,B08WQ64YYX,8
Unknown,B08XNHXSFZ,8
Unknown,B08XQ8MCKP,8
Unknown,B08XW581QN,8
Unknown,B08YYQRS7K,8
Unknown,B08YYQXZHK,8
Unknown,B08YYR13RX,8
Unknown,B08YYS7HQD,8
Unknown,B08YYT6ZG2,8
Unknown,B08YYTNXN6,8
Unknown,B08YYZFQZS,8
Unknown,B08YYZLF3D,8
Unknown,B08YZ45DTV,8
Unknown,B08ZH7RVGJ,8
Unknown,B08ZHQ7W7T,8
Unknown,B08ZHX5NDS,8
Unknown,B08ZJ91MT3,8
Unknown,B08ZJCN3DP,8
Unknown,B08ZJPF7DD,8
Unknown,B091Q9FZ36,8
Unknown,B091T18F3W,8
Unknown,B0922PCB3D,8
Unknown,B0922QY1KW,8
Unknown,B0922T745K,8
Unknown,B0922V15HC,8
Unknown,B0925VZX2V,8
Unknown,B0925XD2Q6,8
Unknown,B0926861CR,8
Unknown,B0929DPT8L,8
Unknown,B092CZP2ZY,8
Unknown,B092D2GLW2,8
Unknown,B092D2R649,8
Unknown,B092D3276L,8
Unknown,B094FRW46T,8
Unknown,B0965LLRJW,8
Unknown,B097ZZQKJQ,8
Unknown,B098124TF1,8
Unknown,B098126Y6Q,8
Unknown,B09812JNRT,8
Unknown,B0982ZS9FG,8
Unknown,B09832B571,8
Unknown,B09832FD39,8
Unknown,B0983CBSJ3,8
Unknown,B0983CDYWM,8
Unknown,B0983F8LC1,8
Unknown,B0986X19QC,8
Unknown,B0986XSXR1,8
Unknown,B0986ZTQV1,8
Unknown,B09871M45X,8
Unknown,B099F9N2F3,8
Unknown,B099FC43YJ,8
Unknown,B099NHHY1T,8
Unknown,B099NJ8537,8
Unknown,B099NRKGV5,8
Unknown,B099NS6BTY,8
Unknown,B099S91CSR,8
Unknown,B09B5846YJ,8
Unknown,B09B5976XV,8
Unknown,B09CTC5FLS,8
Unknown,B09G2RFP14,8
Unknown,B09HMK3P9S,8
Unknown,B09HMWV93S,8
Unknown,B09K3KW667,8
Unknown,B09K3YFPSS,8
Unknown,B09KXNV41S,8
Unknown,B09KXR4JZB,8
Unknown,B09LD3PMBT,8
Unknown,B09LTY88GR,8
Unknown,B09LTZDBND,8
Unknown,B09NDKSD4G,8
Unknown,B09NPXCZZG,8
Unknown,B09PN4WMPP,8
Unknown,B09Q3GYT7H,8
Unknown,B09Q3HSGH3,8
Unknown,B09QJ399Q3,8
Unknown,B09QJ46T37,8
Unknown,B09QJ4J6KJ,8
Unknown,B09QJ4M1SQ,8
Unknown,B09QJ55538,8
Unknown,B09QJMPVPD,8
Unknown,B09QJNFSBR,8
Unknown,B09RKBM69V,8
Unknown,B09RKCJQKH,8
Unknown,B09RKCM347,8
Unknown,B09RKCMWVM,8
Unknown,B09RKCSJQ5,8
Unknown,B09RKD8HQK,8
Unknown,B09RKDQ8F1,8
Unknown,B09RKDQHR3,8
Unknown,B09RKF5R8S,8
Unknown,B09RKFC91P,8
Unknown,B09SDX2WZJ,8
Unknown,B09SDXPC2C,8
Unknown,B09SDYYZHZ,8
Unknown,B09SDZ7948,8
Unknown,B09TH586J3,8
Unknown,B09TH5LZ3Q,8
Unknown,B09TH6L9KF,8
Unknown,B09TH6N4N9,8
Unknown,B09TH851W5,8
Unknown,B09TY2KSY6,8
Unknown,B09TZRLNW1,8
Unknown,B09TZS6R2M,8
Unknown,B09TZVXQ1J,8
Unknown,B09VC6JS3X,8
Unknown,B01LYC0NV1,7
Unknown,B01M19H5E3,7
Unknown,B071YXDT73,7
Unknown,B0768J7VQ1,7
Unknown,B07FTLHGMY,7
Unknown,B07FVR17HM,7
Unknown,B07H7F97S4,7
Unknown,B07R527BFQ,7
Unknown,B07R5X9KHS,7
Unknown,B07RSWN1C4,7
Unknown,B07S8WG31H,7
Unknown,B07WS14TZY,7
Unknown,B07WS16Z76,7
Unknown,B081XCMYXJ,7
Unknown,B082W8354V,7
Unknown,B082W8RWN1,7
Unknown,B083ZZ3996,7
Unknown,B083ZZGZBV,7
Unknown,B084KLHMJF,7
Unknown,B084KTCL3P,7
Unknown,B085HRGBDN,7
Unknown,B0894XVZLM,7
Unknown,B089G23VMN,7
Unknown,B089G356KM,7
Unknown,B08CBC2J5H,7
Unknown,B08CMMD2XK,7
Unknown,B08CMRV8D1,7
Unknown,B08KRYXSYH,7
Unknown,B08L93C2FW,7
Unknown,B08MXF2ZD5,7
Unknown,B08MXFTM5W,7
Unknown,B08MXGHWXZ,7
Unknown,B08MXRL1TW,7
Unknown,B08MYS5MS1,7
Unknown,B08MYTBL9T,7
Unknown,B08MYTT6CV,7
Unknown,B08MYV71FG,7
Unknown,B08MYWM9D2,7
Unknown,B08N44NRDT,7
Unknown,B08N4PKZV6,7
Unknown,B08N4QTQHW,7
Unknown,B08P1G6BB1,7
Unknown,B08QGJTZQS,7
Unknown,B08QGL84L9,7
Unknown,B08QGMKVDN,7
Unknown,B08QGMRCHW,7
Unknown,B08QGMZQ2B,7
Unknown,B08QGNBZ4C,7
Unknown,B08QGNKGKY,7
Unknown,B08QGQ95GT,7
Unknown,B08QJN1DQJ,7
Unknown,B08RP5393W,7
Unknown,B08RYN2W4K,7
Unknown,B08RYPSVZK,7
Unknown,B08TH4MQD2,7
Unknown,B08VW3P7X2,7
Unknown,B08W2C46RD,7
Unknown,B08W9F5KML,7
Unknown,B08WQ1W4JV,7
Unknown,B08XQ9KLPN,7
Unknown,B08YYTBPPP,7
Unknown,B08YYTTNY5,7
Unknown,B08YYZ1RYT,7
Unknown,B08YYZKDDX,7
Unknown,B08YZ1SZDH,7
Unknown,B08YZ1YKB4,7
Unknown,B08YZ2W99X,7
Unknown,B08ZHM3373,7
Unknown,B08ZHN6H5T,7
Unknown,B08ZHWQWSW,7
Unknown,B08ZJFBFBL,7
Unknown,B091QB6SSN,7
Unknown,B0922T8G8P,7
Unknown,B0922TKDRM,7
Unknown,B0925VFL3L,7
Unknown,B0925VRVWB,7
Unknown,B0928S4YCB,7
Unknown,B09295PWRB,7
Unknown,B09295Z14G,7
Unknown,B092995Z24,7
Unknown,B092D2MRVZ,7
Unknown,B092D3D5BL,7
Unknown,B093ZRG4WS,7
Unknown,B0943JL3P8,7
Unknown,B094FL7XWR,7
Unknown,B0965KY2RY,7
Unknown,B0965L4WB7,7
Unknown,B09811WPL9,7
Unknown,B098124WJY,7
Unknown,B0982ZMQGG,7
Unknown,B09831NCG7,7
Unknown,B0983D6TGS,7
Unknown,B0983FS8GB,7
Unknown,B0986ZWRKC,7
Unknown,B0987184SL,7
Unknown,B099F9QW3K,7
Unknown,B099F9XP34,7
Unknown,B099FBV492,7
Unknown,B099FC8ZRT,7
Unknown,B099FF4F7C,7
Unknown,B099NHMRVD,7
Unknown,B099NK5TL9,7
Unknown,B099NQB2S9,7
Unknown,B099NQLDSS,7
Unknown,B099NRMYJF,7
Unknown,B099RJCM34,7
Unknown,B099S9P2FK,7
Unknown,B099WY7W99,7
Unknown,B09B2BB99M,7
Unknown,B09B58MTF1,7
Unknown,B09BQBF3Y2,7
Unknown,B09BQGNYP6,7
Unknown,B09HMYMLGR,7
Unknown,B09K3C298K,7
Unknown,B09K3FZQFT,7
Unknown,B09K3H7SMJ,7
Unknown,B09K3KC8TQ,7
Unknown,B09K3T5QR5,7
Unknown,B09K3VN7M1,7
Unknown,B09K3W31J3,7
Unknown,B09K415WZ1,7
Unknown,B09K43LTKW,7
Unknown,B09KXNVH2Z,7
Unknown,B09KXSQ73F,7
Unknown,B09KXV94NJ,7
Unknown,B09KXYGX7P,7
Unknown,B09LD2438C,7
Unknown,B09LD3J684,7
Unknown,B09LD4YZCR,7
Unknown,B09LV157VP,7
Unknown,B09LV2KH5Z,7
Unknown,B09M6TJG5T,7
Unknown,B09M6TWZ95,7
Unknown,B09M6VPHJY,7
Unknown,B09M71C67N,7
Unknown,B09NDKKM7P,7
Unknown,B09NPWMVFT,7
Unknown,B09NQ54RRT,7
Unknown,B09NQ75RF7,7
Unknown,B09PYKDYZ3,7
Unknown,B09Q3JQXWY,7
Unknown,B09QJ3WT3H,7
Unknown,B09QJ3YSPB,7
Unknown,B09QJ46PYP,7
Unknown,B09QJ4GWN5,7
Unknown,B09QJ5M6TW,7
Unknown,B09QJMGR7B,7
Unknown,B09QJMMRRB,7
Unknown,B09RKCK42L,7
Unknown,B09RKCLC67,7
Unknown,B09RKDLD1W,7
Unknown,B09RKDTP7M,7
Unknown,B09RKDY4NQ,7
Unknown,B09RKF9KV8,7
Unknown,B09RKFCS69,7
Unknown,B09RKFJSTZ,7
Unknown,B09RKFQBBZ,7
Unknown,B09RN4Y74G,7
Unknown,B09RSSVWPP,7
Unknown,B09SDXYWYN,7
Unknown,B09SDY4TFG,7
Unknown,B09SDYLJZ5,7
Unknown,B09SDZ19S9,7
Unknown,B09TH43WCQ,7
Unknown,B09TH9HS5R,7
Unknown,B09TY1HFLG,7
Unknown,B09TZV23QS,7
Unknown,B09TZVR58F,7
Unknown,B09TZWBRY9,7
Unknown,B09VC6XVW6,7
Unknown,B09Y26H8X1,7
Unknown,B09Y3CVP18,7
Unknown,B09Y3H1NHQ,7
Unknown,B09YNY91G5,7
Unknown,B09YYPQ7NW,7
Unknown,B01M1L6330,6
Unknown,B01MZGYNRV,6
Unknown,B0768H3V5D,6
Unknown,B076HL83ZR,6
Unknown,B07818CHQF,6
Unknown,B078Q3WGS3,6
Unknown,B0794T8ZLN,6
Unknown,B07BL1MGBD,6
Unknown,B07D36SKBD,6
Unknown,B07FXWM689,6
Unknown,B07GRSW1NT,6
Unknown,B07K582DMT,6
Unknown,B07MY3WWY2,6
Unknown,B07R41MNN3,6
Unknown,B07R5WRWSH,6
Unknown,B07S8W5MFP,6
Unknown,B07SG84CMM,6
Unknown,B07WP5HRMB,6
Unknown,B07WP5HXW3,6
Unknown,B07X3KSDT3,6
Unknown,B081X921QM,6
Unknown,B0822SQ4GV,6
Unknown,B0822TCBKH,6
Unknown,B0822V3NH7,6
Unknown,B0893DVKH6,6
Unknown,B0894XHM78,6
Unknown,B0894YB3B1,6
Unknown,B0894YJC25,6
Unknown,B0899Z4589,6
Unknown,B089G1JFVJ,6
Unknown,B089G26CZ5,6
Unknown,B08B3YB5D1,6
Unknown,B08B3YN5Y7,6
Unknown,B08B3YW2S6,6
Unknown,B08B3Z86XY,6
Unknown,B08B3ZKPDZ,6
Unknown,B08B3ZSWW6,6
Unknown,B08BF4GQ9V,6
Unknown,B08BFCB1KR,6
Unknown,B08KR9JYNQ,6
Unknown,B08L94M5V3,6
Unknown,B08MXCX8LS,6
Unknown,B08MYMV3K7,6
Unknown,B08MYMV9F8,6
Unknown,B08MYPW3M4,6
Unknown,B08MYTJ6LH,6
Unknown,B08N18V1JF,6
Unknown,B08N19QDQK,6
Unknown,B08N3Y1RLL,6
Unknown,B08N4RXHV6,6
Unknown,B08N66FLZG,6
Unknown,B08PVTPCZ3,6
Unknown,B08QGK2BS2,6
Unknown,B08QGLPKNK,6
Unknown,B08QGM4LMF,6
Unknown,B08RJBQT48,6
Unknown,B08RP6K224,6
Unknown,B08V13SJ73,6
Unknown,B08W2JV979,6
Unknown,B08W8DBX54,6
Unknown,B08W9P5TV7,6
Unknown,B08WHQY56H,6
Unknown,B08XQ8Q141,6
Unknown,B08XVXRVMY,6
Unknown,B08YN7XDSG,6
Unknown,B08YYPMZ67,6
Unknown,B08YYRNM5M,6
Unknown,B08YYRSNLB,6
Unknown,B08YYS5WM3,6
Unknown,B08YYSLLKG,6
Unknown,B08YYSNPZB,6
Unknown,B08YYSQJTC,6
Unknown,B08YYTL6BX,6
Unknown,B08YYTSKB4,6
Unknown,B08YYZ28L6,6
Unknown,B08YYZ8RTQ,6
Unknown,B08YYZHYXT,6
Unknown,B08YZ2JMRN,6
Unknown,B08YZ2ZXT4,6
Unknown,B08YZ3Q2B6,6
Unknown,B08YZ46TNM,6
Unknown,B08ZHGDXW8,6
Unknown,B091GKR2J5,6
Unknown,B091Q8D5D3,6
Unknown,B091Q9Q34N,6
Unknown,B091SX2LL5,6
Unknown,B091SZ58P5,6
Unknown,B091XV892C,6
Unknown,B091XYYW9B,6
Unknown,B091YGV68T,6
Unknown,B0922T13R1,6
Unknown,B0922T9X46,6
Unknown,B0922V99HN,6
Unknown,B0925X7FMC,6
Unknown,B092648LBY,6
Unknown,B09265RNHH,6
Unknown,B0926RSGCQ,6
Unknown,B0928WHKTX,6
Unknown,B092CVW5H3,6
Unknown,B092D2YZX6,6
Unknown,B092D392CB,6
Unknown,B09437VPRC,6
Unknown,B0943KRMLF,6
Unknown,B0943KWXGV,6
Unknown,B0943KXKSP,6
Unknown,B094FJ2VY6,6
Unknown,B094FJC1XS,6
Unknown,B094FMXDFB,6
Unknown,B09537LJ5M,6
Unknown,B0965KS1MF,6
Unknown,B0965LTYBS,6
Unknown,B09811G9GD,6
Unknown,B09811KTCN,6
Unknown,B09811MMG5,6
Unknown,B09812MBCD,6
Unknown,B09812MNZC,6
Unknown,B09812Q1F2,6
Unknown,B09813QM29,6
Unknown,B0982YZ51B,6
Unknown,B0982Z25ZX,6
Unknown,B0983157NR,6
Unknown,B09831PJB7,6
Unknown,B0983B8DKR,6
Unknown,B0983DBK44,6
Unknown,B0983F5NB3,6
Unknown,B0983F9JL2,6
Unknown,B0983G4P9Y,6
Unknown,B0986VTQL7,6
Unknown,B0986X1Z7J,6
Unknown,B0986XJDJ4,6
Unknown,B0986XV34R,6
Unknown,B0986XV48J,6
Unknown,B0986XYFFP,6
Unknown,B0986YR2M9,6
Unknown,B0986Z5BDC,6
Unknown,B0986ZVL6Y,6
Unknown,B098755S1W,6
Unknown,B098P4N8V5,6
Unknown,B099FD4Y3L,6
Unknown,B099NHRRMT,6
Unknown,B099NJCVDY,6
Unknown,B099NJML8Z,6
Unknown,B099NPK5DS,6
Unknown,B099NQ1SKZ,6
Unknown,B099NRXJ5Z,6
Unknown,B099WWC6M3,6
Unknown,B099WYGRYD,6
Unknown,B09B2FD7XV,6
Unknown,B09B2G4KQF,6
Unknown,B09B578BZP,6
Unknown,B09CT2T32X,6
Unknown,B09CTBPP9F,6
Unknown,B09G2RJSGG,6
Unknown,B09G2THSJR,6
Unknown,B09HMJJW4L,6
Unknown,B09HMTJVHG,6
Unknown,B09K36SNZ6,6
Unknown,B09K3SZZD8,6
Unknown,B09K3T3YNS,6
Unknown,B09K3T4SBH,6
Unknown,B09K3TCHBH,6
Unknown,B09K3WHHR1,6
Unknown,B09K3X1ZY1,6
Unknown,B09K3YVY3B,6
Unknown,B09K3ZB6BQ,6
Unknown,B09KXLRVWY,6
Unknown,B09KXSLXWG,6
Unknown,B09KXT2VYT,6
Unknown,B09KXTBZ3N,6
Unknown,B09KXV8PXG,6
Unknown,B09KXVVR34,6
Unknown,B09KXXNGLB,6
Unknown,B09LD1CYXT,6
Unknown,B09LD3ZZ2N,6
Unknown,B09LD4PKWG,6
Unknown,B09LM6C4WH,6
Unknown,B09LM82F69,6
Unknown,B09LV1TMSV,6
Unknown,B09M6TF1K5,6
Unknown,B09M6TRWRL,6
Unknown,B09M78RCYW,6
Unknown,B09NDL4F2Y,6
Unknown,B09NDLRSXQ,6
Unknown,B09PBXB73K,6
Unknown,B09PD1X86Q,6
Unknown,B09PYCJDV1,6
Unknown,B09Q3HSG1T,6
Unknown,B09Q3JJCB6,6
Unknown,B09QJ35BD6,6
Unknown,B09QJ3WXB4,6
Unknown,B09QJ3ZP5T,6
Unknown,B09QJ549GK,6
Unknown,B09QJ57BL6,6
Unknown,B09QJMSLD1,6
Unknown,B09RK7N97N,6
Unknown,B09RKBVL7Y,6
Unknown,B09RKC8XLG,6
Unknown,B09RKCBJB6,6
Unknown,B09RKCWL9Z,6
Unknown,B09RKD2FDC,6
Unknown,B09RKD5K4Z,6
Unknown,B09RKD8HQJ,6
Unknown,B09RKD8XVV,6
Unknown,B09RKDBGFT,6
Unknown,B09RKDC9ML,6
Unknown,B09RKDDLL2,6
Unknown,B09RKDZ461,6
Unknown,B09RKF1F47,6
Unknown,B09RKFDNHM,6
Unknown,B09RKFLLF1,6
Unknown,B09RKHL9H2,6
Unknown,B09RT1WSR9,6
Unknown,B09SDXVHGN,6
Unknown,B09TH4D6DQ,6
Unknown,B09TH5VMLP,6
Unknown,B09TY1VWSY,6
Unknown,B09TZX82WT,6
Unknown,B09TZYFCNB,6
Unknown,B09VC3ST6H,6
Unknown,B09VC3WSC9,6
Unknown,B09VC71N98,6
Unknown,B09Y27F7WY,6
Unknown,B09Y32KY4Q,6
Unknown,B09Y3C1YGP,6
Unknown,B09Y3GF3TB,6
Unknown,B09Y3GFHGG,6
Unknown,B0B3NBYD9W,6
Unknown,B01M0XUV1S,5
Unknown,B06Y59MV5R,5
Unknown,B072HR44J2,5
Unknown,B076HH2K35,5
Unknown,B077MFFX2S,5
Unknown,B0793RM1S9,5
Unknown,B07BL298CT,5
Unknown,B07BL2NS84,5
Unknown,B07FXGWSHQ,5
Unknown,B07GRQVB2G,5
Unknown,B07GRSCXCP,5
Unknown,B07HWRCWF8,5
Unknown,B07HYS3P54,5
Unknown,B07MY2YYN9,5
Unknown,B07R3KLK6T,5
Unknown,B07R65WLT2,5
Unknown,B07VP4V7Y6,5
Unknown,B07VRCLGPW,5
Unknown,B07VRCLKW6,5
Unknown,B07WP5G7MK,5
Unknown,B07WP5J1L6,5
Unknown,B07WPVB9GJ,5
Unknown,B07WS16S49,5
Unknown,B07WT53CQZ,5
Unknown,B081WSQZ9C,5
Unknown,B0822TF519,5
Unknown,B082PXXBXM,5
Unknown,B082W87NQF,5
Unknown,B082W88C84,5
Unknown,B082W8BXW1,5
Unknown,B082W8F8P3,5
Unknown,B0831755RK,5
Unknown,B083177VXY,5
Unknown,B0845Z2Z4C,5
Unknown,B084KYYXR3,5
Unknown,B085GBWXRD,5
Unknown,B085HJXJ3M,5
Unknown,B0893DN1TK,5
Unknown,B0893FR8YK,5
Unknown,B0894WMVMW,5
Unknown,B0894WWGK9,5
Unknown,B0894XR7QJ,5
Unknown,B0894XSQ2J,5
Unknown,B0894Y1W9Q,5
Unknown,B0899NCQQ4,5
Unknown,B0899R2FS5,5
Unknown,B08B3XN2LC,5
Unknown,B08B3YMP4M,5
Unknown,B08B3YWFMD,5
Unknown,B08B3Z1D82,5
Unknown,B08B3Z4J34,5
Unknown,B08B3Z5XM5,5
Unknown,B08B3ZCK7H,5
Unknown,B08B3ZDG3H,5
Unknown,B08B3ZHXFV,5
Unknown,B08BF6BBQF,5
Unknown,B08BJNCWH8,5
Unknown,B08BJPJB65,5
Unknown,B08BJSDK5J,5
Unknown,B08BJSHTNG,5
Unknown,B08CMF24KH,5
Unknown,B08CMXXV2J,5
Unknown,B08HK49HV9,5
Unknown,B08HK4JSRK,5
Unknown,B08KRL2YL2,5
Unknown,B08KRT1VKG,5
Unknown,B08L934H7V,5
Unknown,B08MXBX2NJ,5
Unknown,B08MXC65V6,5
Unknown,B08MXCFKT6,5
Unknown,B08MXDBYQK,5
Unknown,B08MXSM5QM,5
Unknown,B08MYNFKXZ,5
Unknown,B08MYS9MN7,5
Unknown,B08MYT13YV,5
Unknown,B08MYT716W,5
Unknown,B08MYTBNPH,5
Unknown,B08MYTXTRW,5
Unknown,B08N19JM43,5
Unknown,B08N1BBCRF,5
Unknown,B08N1BYTL6,5
Unknown,B08N4764TH,5
Unknown,B08N496F6B,5
Unknown,B08N4PZ36K,5
Unknown,B08N4TB3G4,5
Unknown,B08N4TT7CH,5
Unknown,B08P1GJQCG,5
Unknown,B08P1GQV6V,5
Unknown,B08PCM4CDX,5
Unknown,B08PCS3W6R,5
Unknown,B08PVV8HQK,5
Unknown,B08QGKKPJ4,5
Unknown,B08QGLDQ4V,5
Unknown,B08QGMTF9T,5
Unknown,B08QGP2JMT,5
Unknown,B08RYP45X4,5
Unknown,B08TGZN5D4,5
Unknown,B08TH6RMTM,5
Unknown,B08TRHPCDQ,5
Unknown,B08V151HB2,5
Unknown,B08V17688J,5
Unknown,B08V1FR2M9,5
Unknown,B08V1NKXRS,5
Unknown,B08VWRSTXS,5
Unknown,B08W1PHJSG,5
Unknown,B08W1SPSPH,5
Unknown,B08W9TG74X,5
Unknown,B08WHZC5QK,5
Unknown,B08WRHJ2LQ,5
Unknown,B08XQBF1G4,5
Unknown,B08XVVJ97H,5
Unknown,B08YNK9K8F,5
Unknown,B08YNRB2DW,5
Unknown,B08YYQRS7M,5
Unknown,B08YYR1BFP,5
Unknown,B08YYT14HH,5
Unknown,B08YYYVTNJ,5
Unknown,B08YYYZBJY,5
Unknown,B08YZ16CBG,5
Unknown,B08YZ1GTG5,5
Unknown,B08YZ1SZZS,5
Unknown,B08YZ2M4SQ,5
Unknown,B08YZ34ZT3,5
Unknown,B08YZ5FNX5,5
Unknown,B08ZHRYMZD,5
Unknown,B08ZHV1T4W,5
Unknown,B08ZJ29M11,5
Unknown,B091Q8WX4W,5
Unknown,B091Q92M8Z,5
Unknown,B091Q9Y2PS,5
Unknown,B091SXNPZB,5
Unknown,B091TC3B5V,5
Unknown,B091XPLK72,5
Unknown,B091Y2Q4LS,5
Unknown,B0922SDB6D,5
Unknown,B0922SVW74,5
Unknown,B0922TGHSL,5
Unknown,B0926WJQBY,5
Unknown,B0928YJ3TR,5
Unknown,B0928ZT74Y,5
Unknown,B092CZVR7X,5
Unknown,B092D2M2VS,5
Unknown,B09432TL5Y,5
Unknown,B0943H2M4C,5
Unknown,B0943HZN38,5
Unknown,B094FKG8H7,5
Unknown,B094FKN9TM,5
Unknown,B094FKSMY4,5
Unknown,B094FL6CTJ,5
Unknown,B0965JCKF8,5
Unknown,B0965L3HCV,5
Unknown,B0967P9TBD,5
Unknown,B097ZYJGLT,5
Unknown,B097ZZLL9G,5
Unknown,B0981118H4,5
Unknown,B098114JLC,5
Unknown,B098117DJ3,5
Unknown,B09811KK67,5
Unknown,B09811QMHB,5
Unknown,B09812HG5W,5
Unknown,B09812HST6,5
Unknown,B0982YWMSG,5
Unknown,B0982YYCLC,5
Unknown,B0982Z5BL6,5
Unknown,B0982ZV9GB,5
Unknown,B098314S8L,5
Unknown,B09831QQ89,5
Unknown,B09831TPR5,5
Unknown,B09832W8FF,5
Unknown,B09833VFKC,5
Unknown,B0983946VC,5
Unknown,B0983BXKR4,5
Unknown,B0983CRK42,5
Unknown,B0983CWQDP,5
Unknown,B0983DHX7M,5
Unknown,B0983DYB2T,5
Unknown,B0983F138V,5
Unknown,B0986XMWXH,5
Unknown,B0986XNKJJ,5
Unknown,B0986XZV1N,5
Unknown,B0986ZB8FM,5
Unknown,B099F9NCKZ,5
Unknown,B099FB6TVV,5
Unknown,B099FBDWBY,5
Unknown,B099NGZGRJ,5
Unknown,B099NJ3Y8W,5
Unknown,B099NK74F7,5
Unknown,B099NKS9QP,5
Unknown,B099NL1RQ2,5
Unknown,B099NM2DMY,5
Unknown,B099NN5V8M,5
Unknown,B099NNVBWM,5
Unknown,B099NP4HCD,5
Unknown,B099NPMJ4S,5
Unknown,B099NPPRKB,5
Unknown,B099NQ7996,5
Unknown,B099NQSQ8K,5
Unknown,B099NR9M9V,5
Unknown,B099NRSBJJ,5
Unknown,B099NS9KRN,5
Unknown,B099RJ46LP,5
Unknown,B099S6YRG9,5
Unknown,B09B57J3FT,5
Unknown,B09B58186F,5
Unknown,B09BQLP9G2,5
Unknown,B09CSSQY4F,5
Unknown,B09CT5YYZK,5
Unknown,B09CT99GWK,5
Unknown,B09CTB2G4H,5
Unknown,B09G2RQSRZ,5
Unknown,B09HMP59HN,5
Unknown,B09HMPDC1K,5
Unknown,B09HNSNWRH,5
Unknown,B09K3BVR23,5
Unknown,B09K3FG237,5
Unknown,B09K3QJ389,5
Unknown,B09K3RBN7T,5
Unknown,B09K3RBXGF,5
Unknown,B09K3RC2ZH,5
Unknown,B09K3ST3YW,5
Unknown,B09K3T3BV4,5
Unknown,B09K3TSBJX,5
Unknown,B09K3W9D6V,5
Unknown,B09K3WDYB6,5
Unknown,B09K3WHQ6G,5
Unknown,B09K3WRM4Q,5
Unknown,B09K3X7CRR,5
Unknown,B09K3XR43V,5
Unknown,B09K3YPZ8K,5
Unknown,B09K3ZC16X,5
Unknown,B09K3ZQ6DQ,5
Unknown,B09KXQBR58,5
Unknown,B09KXTJ2YP,5
Unknown,B09KXTWY66,5
Unknown,B09KXVQM7F,5
Unknown,B09KXXLQK3,5
Unknown,B09KXY2SLN,5
Unknown,B09LD1W5YQ,5
Unknown,B09LD3VCRC,5
Unknown,B09LD4H4J5,5
Unknown,B09LM6BZD7,5
Unknown,B09LM714QX,5
Unknown,B09LTZHZKM,5
Unknown,B09LV1ZJWN,5
Unknown,B09M6SV9SR,5
Unknown,B09M6TZJYC,5
Unknown,B09M75MQ8M,5
Unknown,B09NDKN86H,5
Unknown,B09NPX4V9M,5
Unknown,B09NQ39KJ6,5
Unknown,B09NQ51CH7,5
Unknown,B09NQ7HW9W,5
Unknown,B09NQ8JWYL,5
Unknown,B09PBW48NB,5
Unknown,B09PD6BR4C,5
Unknown,B09Q19BS6S,5
Unknown,B09QJ35SR5,5
Unknown,B09QJ3H57V,5
Unknown,B09QJ3YHCS,5
Unknown,B09QJ4FRW9,5
Unknown,B09QJ4QF63,5
Unknown,B09QJ52STD,5
Unknown,B09QJLJ229,5
Unknown,B09QJMCRZQ,5
Unknown,B09RKB9ZDG,5
Unknown,B09RKBKWWZ,5
Unknown,B09RKBN69K,5
Unknown,B09RKC7DPC,5
Unknown,B09RKCDT2C,5
Unknown,B09RKCMCJS,5
Unknown,B09RKCYB2Z,5
Unknown,B09RKD1MFC,5
Unknown,B09RKD2Z9T,5
Unknown,B09RKD8TMG,5
Unknown,B09RKDLZJW,5
Unknown,B09RKF56HF,5
Unknown,B09RKFCS6D,5
Unknown,B09RMP3PSZ,5
Unknown,B09SDXQK2Z,5
Unknown,B09SDYL6L2,5
Unknown,B09SDYMTMZ,5
Unknown,B09SDYRP84,5
Unknown,B09TH5ZYPD,5
Unknown,B09TH7HWBM,5
Unknown,B09TXYX9Y8,5
Unknown,B09TY1MXMF,5
Unknown,B09TY2JJ87,5
Unknown,B09TZSKKZL,5
Unknown,B09TZZ96LZ,5
Unknown,B09VC3ZTLM,5
Unknown,B09YYNG98D,5
Unknown,B0B3MQNBHN,5
Unknown,B0B3N9N297,5
Unknown,B0B3NB1765,5
Unknown,B01LZMXYSV,4
Unknown,B01N184HBX,4
Unknown,B074SN4P8D,4
Unknown,B074SP8YTW,4
Unknown,B074X9FDR3,4
Unknown,B07569HSRZ,4
Unknown,B077MF72BK,4
Unknown,B077Z29TJ4,4
Unknown,B077Z7WM5Z,4
Unknown,B07BL1VXZW,4
Unknown,B07G4XY9TP,4
Unknown,B07H7BYHJQ,4
Unknown,B07H7D7NJZ,4
Unknown,B07H7FBV3Z,4
Unknown,B07HYSKFJD,4
Unknown,B07JG3CND8,4
Unknown,B07JK3ZSHN,4
Unknown,B07JKYX5RL,4
Unknown,B07JL9S978,4
Unknown,B07JLD2SKN,4
Unknown,B07JPDNJTB,4
Unknown,B07K5BD23T,4
Unknown,B07MY3JHTT,4
Unknown,B07MY3PH4P,4
Unknown,B07MY3Z5CQ,4
Unknown,B07P5RYJ5T,4
Unknown,B07Q2MZ22Y,4
Unknown,B07R41N7P1,4
Unknown,B07R51PS5L,4
Unknown,B07R59R6KX,4
Unknown,B07R59TDM1,4
Unknown,B07R5W78SS,4
Unknown,B07R66H6TQ,4
Unknown,B07SMNWWG9,4
Unknown,B07SQC8DGP,4
Unknown,B07T542WY1,4
Unknown,B07VQ7NY5G,4
Unknown,B07X3K4L82,4
Unknown,B081WSWWL7,4
Unknown,B081X28FPT,4
Unknown,B081X3CP46,4
Unknown,B081X7NP3Y,4
Unknown,B0822TTYMH,4
Unknown,B082PXMCZ4,4
Unknown,B082TTV7WX,4
Unknown,B082W7QZS4,4
Unknown,B082W7WHB8,4
Unknown,B082W8JXJ9,4
Unknown,B082Z3KF7J,4
Unknown,B082Z3SRN7,4
Unknown,B082Z3YCRW,4
Unknown,B08316Y4XF,4
Unknown,B084KJS373,4
Unknown,B085HMWJ4R,4
Unknown,B085HSHQPF,4
Unknown,B0893DDJDL,4
Unknown,B0893DJ4TN,4
Unknown,B0893DLLWX,4
Unknown,B0893FQB7N,4
Unknown,B0894WL9SH,4
Unknown,B0894WPZNV,4
Unknown,B0894XW4QF,4
Unknown,B0894XWGCR,4
Unknown,B0894Y7ZF8,4
Unknown,B0899QQHBZ,4
Unknown,B0899ZLBW4,4
Unknown,B089G1MSHB,4
Unknown,B089G1TBQK,4
Unknown,B089G276WH,4
Unknown,B089G2YCBM,4
Unknown,B08B3XTHQ1,4
Unknown,B08B3YCLP5,4
Unknown,B08B3YDP12,4
Unknown,B08B3ZYRNS,4
Unknown,B08B414Z8Y,4
Unknown,B08BF1N29N,4
Unknown,B08BFBCDW7,4
Unknown,B08BJQVTHS,4
Unknown,B08BJS1LPN,4
Unknown,B08BJSMMBN,4
Unknown,B08CDPGHC6,4
Unknown,B08HHJRCQZ,4
Unknown,B08HK3SLGX,4
Unknown,B08KRSK8BX,4
Unknown,B08KRT33W1,4
Unknown,B08KRXD9ZS,4
Unknown,B08KRXQRTY,4
Unknown,B08L3RLQ52,4
Unknown,B08L3TP5J8,4
Unknown,B08L91JRKW,4
Unknown,B08LGD1VWG,4
Unknown,B08MXBV2CM,4
Unknown,B08MXFMPPZ,4
Unknown,B08MYRJJC9,4
Unknown,B08MYTY6B9,4
Unknown,B08N19VWFM,4
Unknown,B08N1C4H7R,4
Unknown,B08N1CY61L,4
Unknown,B08N44TGZ1,4
Unknown,B08N49HFRG,4
Unknown,B08N4CW5D5,4
Unknown,B08N4RLSR9,4
Unknown,B08N4RVGKZ,4
Unknown,B08N4V7MHL,4
Unknown,B08N4WFDQ9,4
Unknown,B08N51R33N,4
Unknown,B08P1DRF4J,4
Unknown,B08P1FKNWF,4
Unknown,B08PVT3Z43,4
Unknown,B08QGKHDCT,4
Unknown,B08QGLBPWF,4
Unknown,B08QGLBQGM,4
Unknown,B08QGN532D,4
Unknown,B08QGQJ5P3,4
Unknown,B08QJLQ16K,4
Unknown,B08RP1WNB2,4
Unknown,B08TGZCN3N,4
Unknown,B08TGZK6TW,4
Unknown,B08TH4GTW9,4
Unknown,B08TH684BJ,4
Unknown,B08TZP7QJF,4
Unknown,B08V12MVVT,4
Unknown,B08V15TBBM,4
Unknown,B08V1618SF,4
Unknown,B08V1HVNCK,4
Unknown,B08VWKY8LL,4
Unknown,B08VWZPSVC,4
Unknown,B08W1RS6CL,4
Unknown,B08W27CYXW,4
Unknown,B08W521STV,4
Unknown,B08W8GC7XL,4
Unknown,B08W8NSFRH,4
Unknown,B08W9MM8CG,4
Unknown,B08W9NT7WB,4
Unknown,B08W9PLWHQ,4
Unknown,B08XNGMPLK,4
Unknown,B08XQ98B2Q,4
Unknown,B08XQBK699,4
Unknown,B08XVM3MJS,4
Unknown,B08XVQM1LP,4
Unknown,B08XVTQHLF,4
Unknown,B08YN44FZJ,4
Unknown,B08YNTF3X3,4
Unknown,B08YYR1NT1,4
Unknown,B08YYRH2Q6,4
Unknown,B08YYSCF1V,4
Unknown,B08YYSTGZ7,4
Unknown,B08YYTH3BJ,4
Unknown,B08YYTH8N5,4
Unknown,B08YYTZRBY,4
Unknown,B08YYWG6VJ,4
Unknown,B08YYXSP8X,4
Unknown,B08YYYQXBM,4
Unknown,B08YYZM8WL,4
Unknown,B08YZ1LYHJ,4
Unknown,B08YZ275XH,4
Unknown,B08YZ2C6PY,4
Unknown,B08YZ2V39J,4
Unknown,B08ZHDJTM5,4
Unknown,B08ZHFLHG7,4
Unknown,B08ZHQL89M,4
Unknown,B08ZHVSHYY,4
Unknown,B08ZHZ42JQ,4
Unknown,B08ZJ375LH,4
Unknown,B091GLLF5D,4
Unknown,B091GNCF5W,4
Unknown,B091Q8BKLW,4
Unknown,B091Q8N866,4
Unknown,B091Q9S5ZK,4
Unknown,B091XT968F,4
Unknown,B091YGKXY9,4
Unknown,B091YR33W5,4
Unknown,B091Z81XR9,4
Unknown,B0922QVNNY,4
Unknown,B0922S6GWB,4
Unknown,B0922T4KGR,4
Unknown,B0922VHFXQ,4
Unknown,B0925WDFQK,4
Unknown,B0928WHXM6,4
Unknown,B09293P4X2,4
Unknown,B0929BNR7R,4
Unknown,B092CZP97K,4
Unknown,B092D27VN5,4
Unknown,B092D2DFD6,4
Unknown,B092D2KTHR,4
Unknown,B092D2LWSQ,4
Unknown,B092D2M2VT,4
Unknown,B092D2R7PS,4
Unknown,B092D33WVQ,4
Unknown,B093ZRBGR9,4
Unknown,B094368WZ8,4
Unknown,B09438DWKT,4
Unknown,B09439XZ7V,4
Unknown,B0943J4SL3,4
Unknown,B0943J8RHK,4
Unknown,B0943J9TKN,4
Unknown,B0943LR6T1,4
Unknown,B094FJSTJR,4
Unknown,B094FJXS28,4
Unknown,B094FJZ7MZ,4
Unknown,B094FQ32VX,4
Unknown,B094FR5S1D,4
Unknown,B09536SS8T,4
Unknown,B0965J8RCH,4
Unknown,B0965K1TM6,4
Unknown,B097ZYXY7W,4
Unknown,B097ZZFX7X,4
Unknown,B097ZZHBTC,4
Unknown,B097ZZLC2X,4
Unknown,B098117P6L,4
Unknown,B0981196JL,4
Unknown,B09811VG73,4
Unknown,B098124BPM,4
Unknown,B098126DTY,4
Unknown,B098129875,4
Unknown,B09812STL3,4
Unknown,B0981389SF,4
Unknown,B098324ZKR,4
Unknown,B098372DQY,4
Unknown,B098374ZNB,4
Unknown,B0983CP5WT,4
Unknown,B0983CR8LT,4
Unknown,B0983D64M1,4
Unknown,B0983DZX48,4
Unknown,B0983FNRDN,4
Unknown,B0983FXQQ2,4
Unknown,B0983FZW13,4
Unknown,B0986XQG53,4
Unknown,B0986ZN4M1,4
Unknown,B0986ZWRKD,4
Unknown,B09871M4DX,4
Unknown,B09873BFC1,4
Unknown,B099F9P2B9,4
Unknown,B099F9SKHN,4
Unknown,B099FC1CGC,4
Unknown,B099FC8JQ7,4
Unknown,B099FCWSXM,4
Unknown,B099NGG1SM,4
Unknown,B099NL1RPF,4
Unknown,B099NL8895,4
Unknown,B099NLQDRK,4
Unknown,B099NMS7VM,4
Unknown,B099NP224P,4
Unknown,B099NP71TV,4
Unknown,B099NPN8W4,4
Unknown,B099NRKCZ1,4
Unknown,B099NV3XFT,4
Unknown,B099P55JSW,4
Unknown,B099S7YCZY,4
Unknown,B099S81YF8,4
Unknown,B09B2F8N1G,4
Unknown,B09B2GHWP2,4
Unknown,B09B577CVX,4
Unknown,B09B78BCGH,4
Unknown,B09B79FSXM,4
Unknown,B09CT7BX8Q,4
Unknown,B09CT88XNF,4
Unknown,B09CTBFKGS,4
Unknown,B09CTFCW94,4
Unknown,B09CTHR5W5,4
Unknown,B09DY9HV4N,4
Unknown,B09DYCPNJP,4
Unknown,B09G2SJSTW,4
Unknown,B09G2W57QG,4
Unknown,B09HLZKJ6G,4
Unknown,B09HMCTDFZ,4
Unknown,B09HMQH2PN,4
Unknown,B09HMXSDF8,4
Unknown,B09HMYX9SJ,4
Unknown,B09HNQ2PLB,4
Unknown,B09HNQ8TR3,4
Unknown,B09HNS3PZF,4
Unknown,B09J1BRZXC,4
Unknown,B09K3G69WJ,4
Unknown,B09K3KZ12Y,4
Unknown,B09K3L39C4,4
Unknown,B09K3M182M,4
Unknown,B09K3N11L8,4
Unknown,B09K3RBK4N,4
Unknown,B09K3RBQDH,4
Unknown,B09K3S83SC,4
Unknown,B09K3TKKXC,4
Unknown,B09K3VWJXL,4
Unknown,B09K3W19YL,4
Unknown,B09K3WC7DN,4
Unknown,B09K3X5YQR,4
Unknown,B09K3XMMR6,4
Unknown,B09K3YL25M,4
Unknown,B09K3Z6TT3,4
Unknown,B09K3ZDGHG,4
Unknown,B09KXKLZ1F,4
Unknown,B09KXMK44R,4
Unknown,B09KXN8WLP,4
Unknown,B09KXQ3NHZ,4
Unknown,B09KXSQGNK,4
Unknown,B09KXTQJW3,4
Unknown,B09KXVPJ7M,4
Unknown,B09KXXWH15,4
Unknown,B09LD1P9KP,4
Unknown,B09LD27LDD,4
Unknown,B09LD2B185,4
Unknown,B09LD2Z87J,4
Unknown,B09LD413M3,4
Unknown,B09LD41FDF,4
Unknown,B09LD4V2B7,4
Unknown,B09LD4YF4X,4
Unknown,B09LM6GY71,4
Unknown,B09LV1543L,4
Unknown,B09LV164SN,4
Unknown,B09M6S8ZRW,4
Unknown,B09M6V8FSW,4
Unknown,B09M6VSV7V,4
Unknown,B09M75K39B,4
Unknown,B09M771K27,4
Unknown,B09NDLLL9H,4
Unknown,B09NPWD7J2,4
Unknown,B09NQ33VW2,4
Unknown,B09PBVS95G,4
Unknown,B09PBXT93F,4
Unknown,B09PDK1GQK,4
Unknown,B09PDMYX2R,4
Unknown,B09Q19BQCF,4
Unknown,B09Q3HTDF5,4
Unknown,B09Q3J655Y,4
Unknown,B09QJ3RQBX,4
Unknown,B09QJ428CB,4
Unknown,B09QJ484TV,4
Unknown,B09QJ4BF2X,4
Unknown,B09QJLKZ62,4
Unknown,B09QJMG4VL,4
Unknown,B09QJN1ZZ6,4
Unknown,B09QJN3H8D,4
Unknown,B09RKC4B4P,4
Unknown,B09RKCHCPC,4
Unknown,B09RKCYVVH,4
Unknown,B09RKCZ71Q,4
Unknown,B09RKD22W2,4
Unknown,B09RKDKCYC,4
Unknown,B09RKDYLRW,4
Unknown,B09RKF5R9S,4
Unknown,B09RKF82J5,4
Unknown,B09RKF9X23,4
Unknown,B09RKFJ2XF,4
Unknown,B09RMHXY5X,4
Unknown,B09RSS48QG,4
Unknown,B09SDX82TS,4
Unknown,B09SDX8QRT,4
Unknown,B09SDXPD7Q,4
Unknown,B09SDXXQ3B,4
Unknown,B09SDY4TFK,4
Unknown,B09SDYFHV5,4
Unknown,B09TH6LGG9,4
Unknown,B09TH6SLT5,4
Unknown,B09TH748BK,4
Unknown,B09TL1154N,4
Unknown,B09TY1Y3WZ,4
Unknown,B09TY22KD3,4
Unknown,B09TY27T5G,4
Unknown,B09TZWX43X,4
Unknown,B09VC7M7Y4,4
Unknown,B09W62SX2P,4
Unknown,B09W64MGVN,4
Unknown,B09Y3FNK98,4
Unknown,B09YNZ41ZY,4
Unknown,B09YNZSY8T,4
Unknown,B09YYM4G16,4
Unknown,B09YYPBRY6,4
Unknown,B09YYPH5ZZ,4
Unknown,B09YYRHFQ1,4
Unknown,B0B3JGZF63,4
Unknown,B0B3N85BV3,4
Unknown,B01N29JK0G,3
Unknown,B06Y5RHMBJ,3
Unknown,B0743F98CD,3
Unknown,B074XBL3WM,3
Unknown,B0768HCX12,3
Unknown,B077Z4ZBHC,3
Unknown,B0786227MX,3
Unknown,B078Q2PWX9,3
Unknown,B078Q3C6QS,3
Unknown,B0794V95XT,3
Unknown,B07BL1ZXD9,3
Unknown,B07FV76W43,3
Unknown,B07FXZ6BBZ,3
Unknown,B07G5B9CCV,3
Unknown,B07GPM2WZ9,3
Unknown,B07GRRDQ2V,3
Unknown,B07H6MB6ZB,3
Unknown,B07H7CRJZ4,3
Unknown,B07H7DZXHV,3
Unknown,B07K31RBXQ,3
Unknown,B07MY36V38,3
Unknown,B07MY3KRFZ,3
Unknown,B07MY3Q37Z,3
Unknown,B07MY3TV42,3
Unknown,B07PB1JMKG,3
Unknown,B07Q2P453R,3
Unknown,B07Q2RTSFB,3
Unknown,B07R3KNV9X,3
Unknown,B07R41QNJQ,3
Unknown,B07R41RHRH,3
Unknown,B07R51QXZD,3
Unknown,B07R529SS6,3
Unknown,B07R52BR8Q,3
Unknown,B07R5WXSC2,3
Unknown,B07R5X4SSC,3
Unknown,B07R5YKMJG,3
Unknown,B07R66BZ4P,3
Unknown,B07S3KBCL3,3
Unknown,B07SHBLS7R,3
Unknown,B07SRFMLJM,3
Unknown,B07T655XGF,3
Unknown,B07V7CM4MS,3
Unknown,B07VT36FWJ,3
Unknown,B07VT44S35,3
Unknown,B07WP5FFS8,3
Unknown,B07WV4JV4D,3
Unknown,B07WZFSS28,3
Unknown,B07X2KBB7M,3
Unknown,B07X3M5KLQ,3
Unknown,B07ZYRRL74,3
Unknown,B07ZYRVW58,3
Unknown,B081WRJNVX,3
Unknown,B081WS1W2K,3
Unknown,B081WTGZ3T,3
Unknown,B081WYWGQS,3
Unknown,B081X2LLJZ,3
Unknown,B081X8BVQN,3
Unknown,B0822S4MPB,3
Unknown,B0822V6CZC,3
Unknown,B0822V6P8L,3
Unknown,B082W7DFR9,3
Unknown,B082W7GVH7,3
Unknown,B082W84Q2J,3
Unknown,B082W86PT4,3
Unknown,B082W891VJ,3
Unknown,B082Z3M9RM,3
Unknown,B082Z3S2WD,3
Unknown,B082Z42KS9,3
Unknown,B082Z4F2M9,3
Unknown,B082Z4F9PQ,3
Unknown,B08316SB53,3
Unknown,B085CDHN7H,3
Unknown,B085CDVVS1,3
Unknown,B085GB7G6S,3
Unknown,B085GBS9Y4,3
Unknown,B085HDBKFF,3
Unknown,B0893CPF7H,3
Unknown,B0893DRCK6,3
Unknown,B0893DRKK7,3
Unknown,B0893FK1DZ,3
Unknown,B0893FY7ZC,3
Unknown,B0894WVKRP,3
Unknown,B0894X66X2,3
Unknown,B0894X711G,3
Unknown,B0894X7XDM,3
Unknown,B0894X8979,3
Unknown,B0894X8ND7,3
Unknown,B0894XR5B6,3
Unknown,B0894XZZQC,3
Unknown,B089FZ6SFC,3
Unknown,B089G1559Q,3
Unknown,B089G1LHDM,3
Unknown,B089G1R6M7,3
Unknown,B089G2LW3H,3
Unknown,B08B3YPD63,3
Unknown,B08B3YQPFP,3
Unknown,B08B3YW9VD,3
Unknown,B08B3Z4F92,3
Unknown,B08B3Z6T6W,3
Unknown,B08B3ZDZDR,3
Unknown,B08BFB2ZSC,3
Unknown,B08BFLKNGJ,3
Unknown,B08BFQBFX3,3
Unknown,B08BFX1YN6,3
Unknown,B08BJQ4CN7,3
Unknown,B08BJRSXYV,3
Unknown,B08BK6CNDS,3
Unknown,B08CDQJ7CN,3
Unknown,B08CDQKS84,3
Unknown,B08CDRLFN4,3
Unknown,B08HHJMPMR,3
Unknown,B08HHJP5QF,3
Unknown,B08HK543L3,3
Unknown,B08HK6FGN4,3
Unknown,B08KR7LV2T,3
Unknown,B08KRQP3YL,3
Unknown,B08KRQRBQH,3
Unknown,B08KRSHJZ8,3
Unknown,B08KRYFMQJ,3
Unknown,B08KRYMGNM,3
Unknown,B08L91ZZXN,3
Unknown,B08L929PGL,3
Unknown,B08L92YWPH,3
Unknown,B08L934XZ9,3
Unknown,B08L93CWQP,3
Unknown,B08L93NGJW,3
Unknown,B08LG54ZYV,3
Unknown,B08MX5F39T,3
Unknown,B08MXC2LYX,3
Unknown,B08MXCQG85,3
Unknown,B08MXFJJP2,3
Unknown,B08MYMV9P8,3
Unknown,B08MYNGSF7,3
Unknown,B08MYQPHFK,3
Unknown,B08MYRR76T,3
Unknown,B08MYSGSY2,3
Unknown,B08MYT5M7N,3
Unknown,B08MYT9TPL,3
Unknown,B08MYTB92L,3
Unknown,B08MYTVF1F,3
Unknown,B08MYVBGLF,3
Unknown,B08MYVLBHQ,3
Unknown,B08N1C3QTR,3
Unknown,B08N1C9LPF,3
Unknown,B08N3ZRJFC,3
Unknown,B08N4T7C8X,3
Unknown,B08N4VM1XX,3
Unknown,B08N4XBFTB,3
Unknown,B08PCSTCGN,3
Unknown,B08PV456CQ,3
Unknown,B08PV6H5QK,3
Unknown,B08PVRM2CF,3
Unknown,B08PVV4YZN,3
Unknown,B08PVV7BC2,3
Unknown,B08QGHLMQZ,3
Unknown,B08QGJ4YT1,3
Unknown,B08QGKP8JT,3
Unknown,B08QGKTBJB,3
Unknown,B08QGKX1L8,3
Unknown,B08QGKX3L3,3
Unknown,B08QGLKDVJ,3
Unknown,B08QGMNRBX,3
Unknown,B08QGMQRLF,3
Unknown,B08QGNCZD1,3
Unknown,B08QGRKXZ6,3
Unknown,B08RDVD5KQ,3
Unknown,B08RJBQSMG,3
Unknown,B08RJCM9K3,3
Unknown,B08TGN7N1L,3
Unknown,B08THCSV2X,3
Unknown,B08TZVDSYS,3
Unknown,B08TZYXKQZ,3
Unknown,B08V17851C,3
Unknown,B08V1878K6,3
Unknown,B08V19DNL7,3
Unknown,B08V1DFSFL,3
Unknown,B08V1FF319,3
Unknown,B08V1FFZZW,3
Unknown,B08V1HFN61,3
Unknown,B08V1MGSY7,3
Unknown,B08V1R5MMB,3
Unknown,B08V1RWYZ2,3
Unknown,B08W2M9KMF,3
Unknown,B08W52815Z,3
Unknown,B08W87QBDY,3
Unknown,B08W8GRH1S,3
Unknown,B08W8NT42N,3
Unknown,B08W9JNFXM,3
Unknown,B08W9MFDJD,3
Unknown,B08W9T442C,3
Unknown,B08W9TB5J2,3
Unknown,B08WHW2TZH,3
Unknown,B08WHX5R8P,3
Unknown,B08WHZ3SRC,3
Unknown,B08WJ1BGPD,3
Unknown,B08WJ2XDQY,3
Unknown,B08WPS7TQS,3
Unknown,B08WRBG19P,3
Unknown,B08XNDFPP7,3
Unknown,B08XNH796J,3
Unknown,B08XNJ941W,3
Unknown,B08XQ8P266,3
Unknown,B08YNKWYXV,3
Unknown,B08YNRHNTR,3
Unknown,B08YYQ8L6L,3
Unknown,B08YYRFFGY,3
Unknown,B08YYRKNC7,3
Unknown,B08YYRM6FT,3
Unknown,B08YYSKBSS,3
Unknown,B08YYSV9KT,3
Unknown,B08YYTB4R3,3
Unknown,B08YYTGRYB,3
Unknown,B08YYY58JV,3
Unknown,B08YYYD4ZL,3
Unknown,B08YZ15PCJ,3
Unknown,B08YZ1GSGW,3
Unknown,B08YZ1JHHZ,3
Unknown,B08YZ1JSM7,3
Unknown,B08YZ1XTLS,3
Unknown,B08YZ2TY5F,3
Unknown,B08YZ34X4D,3
Unknown,B08YZ3MW5T,3
Unknown,B08ZH7L9CZ,3
Unknown,B08ZHH9PV2,3
Unknown,B08ZHJJNF5,3
Unknown,B08ZHNDV5P,3
Unknown,B08ZHYVZGH,3
Unknown,B08ZHZP9B5,3
Unknown,B08ZJ1C71B,3
Unknown,B08ZJ9JRZT,3
Unknown,B091GLK75Z,3
Unknown,B091GLPVMK,3
Unknown,B091GM7KLM,3
Unknown,B091HRCZD3,3
Unknown,B091Q7G4PC,3
Unknown,B091SM2DMN,3
Unknown,B091XV7CPN,3
Unknown,B091XZYQG4,3
Unknown,B091Y9VMNP,3
Unknown,B0922PX5TM,3
Unknown,B0922QJ5DH,3
Unknown,B0922SBJV1,3
Unknown,B0922SCDFN,3
Unknown,B0922SD3TN,3
Unknown,B0922SPY3K,3
Unknown,B0922VHM3Z,3
Unknown,B0922W5WM9,3
Unknown,B0925T5PZK,3
Unknown,B0925TRXJ8,3
Unknown,B0925VPZTV,3
Unknown,B0925VXHMW,3
Unknown,B0925WT5D7,3
Unknown,B0925XPBXM,3
Unknown,B0925XX478,3
Unknown,B0926TKJ7B,3
Unknown,B0928W25V3,3
Unknown,B0928W9MSN,3
Unknown,B0928XF9ZH,3
Unknown,B0928XLFKC,3
Unknown,B0928XLFKD,3
Unknown,B0928XTBT8,3
Unknown,B0928YL1L6,3
Unknown,B09293NW9F,3
Unknown,B092972M7K,3
Unknown,B092CZ9NG6,3
Unknown,B092CZQ156,3
Unknown,B092CZW41L,3
Unknown,B092D263PK,3
Unknown,B092D2RZ8S,3
Unknown,B09432M4NC,3
Unknown,B094346FB7,3
Unknown,B09434LP3S,3
Unknown,B094368WHS,3
Unknown,B09436FYYN,3
Unknown,B09437C4NJ,3
Unknown,B0943BMD3R,3
Unknown,B0943FLTDS,3
Unknown,B0943FN3W4,3
Unknown,B0943HTGZ3,3
Unknown,B0943HX9XL,3
Unknown,B0943J7V7G,3
Unknown,B094FJ8SZ7,3
Unknown,B094FKN153,3
Unknown,B094FPMC2W,3
Unknown,B0965JTTHB,3
Unknown,B0965KR7YJ,3
Unknown,B0965LB1LZ,3
Unknown,B0967Q255P,3
Unknown,B0967QTQXK,3
Unknown,B0967RFH4C,3
Unknown,B0981152GP,3
Unknown,B0981199PT,3
Unknown,B09811C3GN,3
Unknown,B09811CLPG,3
Unknown,B09811D23W,3
Unknown,B09811J2R4,3
Unknown,B09811RSZV,3
Unknown,B09811TX8R,3
Unknown,B098128VK9,3
Unknown,B098133PV7,3
Unknown,B09813H6G4,3
Unknown,B09813XDGT,3
Unknown,B098142BFM,3
Unknown,B0982YMQK6,3
Unknown,B0982ZPB81,3
Unknown,B0982ZRVSC,3
Unknown,B0982ZW7TQ,3
Unknown,B09831SWPS,3
Unknown,B098325JJ7,3
Unknown,B0983BXS78,3
Unknown,B0983CGRTB,3
Unknown,B0983DCNY3,3
Unknown,B0983DD4G7,3
Unknown,B0983DNQ5R,3
Unknown,B0983DPFFZ,3
Unknown,B0983DQTWB,3
Unknown,B0983FJSXK,3
Unknown,B0983FQYML,3
Unknown,B0983FSRFS,3
Unknown,B0983FZLXC,3
Unknown,B0983G26V6,3
Unknown,B0983NWPWX,3
Unknown,B0986XXHX7,3
Unknown,B0986ZC1YG,3
Unknown,B0986ZLQJJ,3
Unknown,B098731WQ8,3
Unknown,B099FB1LY3,3
Unknown,B099FB6BY3,3
Unknown,B099FB9QH3,3
Unknown,B099FBRC7Q,3
Unknown,B099FC29HL,3
Unknown,B099FCNK6T,3
Unknown,B099FCQ7C6,3
Unknown,B099FD7355,3
Unknown,B099NJBZMD,3
Unknown,B099NKPB1R,3
Unknown,B099NLY5W8,3
Unknown,B099NMJF1J,3
Unknown,B099NMS4LL,3
Unknown,B099NNG899,3
Unknown,B099NNQGS2,3
Unknown,B099NNT4RN,3
Unknown,B099NP9CTT,3
Unknown,B099NPRZM7,3
Unknown,B099NPWG7K,3
Unknown,B099NPXK2J,3
Unknown,B099NQ867X,3
Unknown,B099NQR3HL,3
Unknown,B099NQT8H8,3
Unknown,B099NRVM3Z,3
Unknown,B099NS6CCS,3
Unknown,B099NSZBST,3
Unknown,B099NTSSVQ,3
Unknown,B099S63J5M,3
Unknown,B099S6QX1R,3
Unknown,B099S74N69,3
Unknown,B099S75369,3
Unknown,B099S75VRF,3
Unknown,B099S7GKSR,3
Unknown,B099S7JV54,3
Unknown,B099S7L4YY,3
Unknown,B099S83C1B,3
Unknown,B099S8D35J,3
Unknown,B099S8VPY8,3
Unknown,B099S8X47K,3
Unknown,B099S8ZV85,3
Unknown,B099S9DRFV,3
Unknown,B099S9GZY7,3
Unknown,B099WXZ2R9,3
Unknown,B09B2CPQ93,3
Unknown,B09B2D8R2K,3
Unknown,B09B2DSNV3,3
Unknown,B09B2F2WSN,3
Unknown,B09B2FBKHD,3
Unknown,B09B2FW4TC,3
Unknown,B09B3FL96V,3
Unknown,B09B55BHQV,3
Unknown,B09B58X791,3
Unknown,B09B78MTGD,3
Unknown,B09BQ7LLTY,3
Unknown,B09BQHDRFZ,3
Unknown,B09BQL1TYD,3
Unknown,B09BQLKL88,3
Unknown,B09CT26638,3
Unknown,B09CT36JMT,3
Unknown,B09CT5Z9BB,3
Unknown,B09CTB9HTP,3
Unknown,B09CTKZ5FP,3
Unknown,B09DY9L1V4,3
Unknown,B09G2RVXNZ,3
Unknown,B09G2SB72S,3
Unknown,B09G6KC7FX,3
Unknown,B09HNRBVMT,3
Unknown,B09K3F6Y89,3
Unknown,B09K3N11KK,3
Unknown,B09K3PNR27,3
Unknown,B09K3Q4421,3
Unknown,B09K3R6MJB,3
Unknown,B09K3R9XXS,3
Unknown,B09K3SHHMP,3
Unknown,B09K3SYX8M,3
Unknown,B09K3T14LM,3
Unknown,B09K3T29DG,3
Unknown,B09K3T5PT5,3
Unknown,B09K3TGHYV,3
Unknown,B09K3W7XG8,3
Unknown,B09K3WKWR2,3
Unknown,B09K3WVVMJ,3
Unknown,B09K3XM6XS,3
Unknown,B09K3XPRCK,3
Unknown,B09K3XWP9W,3
Unknown,B09K3Y39WX,3
Unknown,B09K3Y45WZ,3
Unknown,B09K3Y4VFR,3
Unknown,B09K3Z8XNG,3
Unknown,B09KXNTMQZ,3
Unknown,B09KXNWXZR,3
Unknown,B09KXQ265V,3
Unknown,B09KXRQ1Y4,3
Unknown,B09KXRZ1PW,3
Unknown,B09KXSW54F,3
Unknown,B09KXSX7P9,3
Unknown,B09KXVBNQD,3
Unknown,B09KXVBNQM,3
Unknown,B09KXVF8JD,3
Unknown,B09KXVHNS4,3
Unknown,B09KXW381R,3
Unknown,B09KXWWDL3,3
Unknown,B09KXY66L3,3
Unknown,B09KXYQK1Z,3
Unknown,B09LD2HMQ2,3
Unknown,B09LD2TYRQ,3
Unknown,B09LD3CGF9,3
Unknown,B09LD3SPHL,3
Unknown,B09LD3V5V3,3
Unknown,B09LD469Y3,3
Unknown,B09LD4DX25,3
Unknown,B09LTZB7K3,3
Unknown,B09LTZBQX2,3
Unknown,B09LTZD1X3,3
Unknown,B09LTZZH7X,3
Unknown,B09M6SDZ3M,3
Unknown,B09M6YB5VM,3
Unknown,B09M71LJW9,3
Unknown,B09M75XVTW,3
Unknown,B09M766H3H,3
Unknown,B09M76WLGL,3
Unknown,B09NDL8QHB,3
Unknown,B09NQ49RYV,3
Unknown,B09NQ4SBZ4,3
Unknown,B09PBWK8QY,3
Unknown,B09PBXNJPC,3
Unknown,B09PN3GVMZ,3
Unknown,B09PYK485Q,3
Unknown,B09Q18BBWR,3
Unknown,B09Q3HTXJG,3
Unknown,B09Q3HXG2Z,3
Unknown,B09Q3JQJ67,3
Unknown,B09QJ2HM91,3
Unknown,B09QJ3F6T9,3
Unknown,B09QJ3XPJ8,3
Unknown,B09QJ4KBJ8,3
Unknown,B09QJLSY9C,3
Unknown,B09RKBYSR5,3
Unknown,B09RKBZ7WL,3
Unknown,B09RKC564X,3
Unknown,B09RKCJXRT,3
Unknown,B09RKCVRSP,3
Unknown,B09RKCWDRF,3
Unknown,B09RKD8823,3
Unknown,B09RKD9566,3
Unknown,B09RKDDQRP,3
Unknown,B09RKDFBJ3,3
Unknown,B09RKDH8RL,3
Unknown,B09RKDK9P1,3
Unknown,B09RKDPBQV,3
Unknown,B09RKFCS6B,3
Unknown,B09RKFJ94S,3
Unknown,B09RMP7GCC,3
Unknown,B09RMSZ7S6,3
Unknown,B09RSW21QS,3
Unknown,B09SDXB57D,3
Unknown,B09SDXL6QC,3
Unknown,B09SDXRYBD,3
Unknown,B09SDXXP6N,3
Unknown,B09SDXYXVK,3
Unknown,B09SDY6GTV,3
Unknown,B09SDYC9GD,3
Unknown,B09SDYW5QQ,3
Unknown,B09SDZV7MR,3
Unknown,B09TH7MDHM,3
Unknown,B09TH7XJXH,3
Unknown,B09TH7YFFX,3
Unknown,B09TXZM6DM,3
Unknown,B09TY14PVB,3
Unknown,B09TY21ZM3,3
Unknown,B09TY377FQ,3
Unknown,B09TZS4V29,3
Unknown,B09TZS71GP,3
Unknown,B09TZSG6S2,3
Unknown,B09VC4TPX8,3
Unknown,B09VZDQ79H,3
Unknown,B09XKCLYWF,3
Unknown,B09XKD2LBH,3
Unknown,B09XKFFHKP,3
Unknown,B09Y282Q7Y,3
Unknown,B09Y3CY233,3
Unknown,B09Y3DC7D9,3
Unknown,B09YNXQF36,3
Unknown,B09YYKWZJS,3
Unknown,B09YYLLBK6,3
Unknown,B09YYQ12KB,3
Unknown,B09YYQZYV4,3
Unknown,B0B3N1B182,3
Unknown,B0B3VXRSRJ,3
Unknown,B01M0LXTZE,2
Unknown,B01MSEK1O5,2
Unknown,B01N184GHA,2
Unknown,B06Y5CCJ89,2
Unknown,B06Y5CFQSQ,2
Unknown,B0743DHFCD,2
Unknown,B0743FDQ6T,2
Unknown,B0743FN66G,2
Unknown,B076HJC99H,2
Unknown,B076HLML9R,2
Unknown,B076SFFZPQ,2
Unknown,B077Z4Z4F7,2
Unknown,B077Z7WHCR,2
Unknown,B07BL1RK7W,2
Unknown,B07FTL5YM7,2
Unknown,B07FTL9GTF,2
Unknown,B07FVY5B7X,2
Unknown,B07GBZV8K8,2
Unknown,B07GRSF1FC,2
Unknown,B07GRVC75J,2
Unknown,B07H7CNFSG,2
Unknown,B07H7CY3T2,2
Unknown,B07H7F6SKC,2
Unknown,B07JKZNYPH,2
Unknown,B07JL7ZXSN,2
Unknown,B07JPDGGHY,2
Unknown,B07K596DLX,2
Unknown,B07K5BVN7P,2
Unknown,B07K5CDPS8,2
Unknown,B07MXZBFY5,2
Unknown,B07MY15Y3J,2
Unknown,B07MY32YRJ,2
Unknown,B07MY36NVG,2
Unknown,B07MY3R7VN,2
Unknown,B07Q2M4W2P,2
Unknown,B07R41PW8D,2
Unknown,B07R52578F,2
Unknown,B07R52G8ZN,2
Unknown,B07R5WN6NZ,2
Unknown,B07R5X3499,2
Unknown,B07R5X9V7R,2
Unknown,B07RPVC66L,2
Unknown,B07RPVCT7W,2
Unknown,B07RRV944D,2
Unknown,B07RRVXPMR,2
Unknown,B07RSXFQ78,2
Unknown,B07SRG8NBC,2
Unknown,B07SVLB7ZX,2
Unknown,B07SXRFR1M,2
Unknown,B07T2Y26QM,2
Unknown,B07T2Y34T2,2
Unknown,B07TD8SX5Y,2
Unknown,B07TGHN4G4,2
Unknown,B07VSG39K4,2
Unknown,B07VT4MWJR,2
Unknown,B07WS16LKW,2
Unknown,B07WZFT117,2
Unknown,B07X3JKC37,2
Unknown,B07X3LNT9Q,2
Unknown,B07X3ML5BM,2
Unknown,B07XM6GFZ5,2
Unknown,B07ZYQ1BWH,2
Unknown,B07ZYRP2PG,2
Unknown,B07ZYSBXJ7,2
Unknown,B07ZYSMQC2,2
Unknown,B07ZYSRRQR,2
Unknown,B081WSPN63,2
Unknown,B081WX6VKM,2
Unknown,B081WYGJFV,2
Unknown,B081WYHTF2,2
Unknown,B081X19MSK,2
Unknown,B081X25SZB,2
Unknown,B081X3B7PP,2
Unknown,B081X3C29B,2
Unknown,B081X43MWL,2
Unknown,B081X4MMK9,2
Unknown,B081X5TQ27,2
Unknown,B081X5WHHT,2
Unknown,B081X7WXV5,2
Unknown,B081X8MCF1,2
Unknown,B081X8RQQ7,2
Unknown,B081XDBBSH,2
Unknown,B082W743N1,2
Unknown,B082W7HW86,2
Unknown,B082W7JNJN,2
Unknown,B082W7MNBH,2
Unknown,B082W7WJCW,2
Unknown,B082W7ZBTC,2
Unknown,B082W83K7S,2
Unknown,B082W85LKJ,2
Unknown,B082W872VQ,2
Unknown,B082W875HS,2
Unknown,B082W87JBJ,2
Unknown,B082W88SRB,2
Unknown,B082Z39C5G,2
Unknown,B082Z3CMJ6,2
Unknown,B082Z3SBDX,2
Unknown,B08316ZX2Q,2
Unknown,B083171G6M,2
Unknown,B08317296H,2
Unknown,B083178GTW,2
Unknown,B083SM2T9C,2
Unknown,B083SNBTL8,2
Unknown,B083ZZFDDC,2
Unknown,B083ZZZ7W5,2
Unknown,B0845QRKKJ,2
Unknown,B0845S6CL3,2
Unknown,B0845Y6G7K,2
Unknown,B084KRG3FY,2
Unknown,B084L1W34B,2
Unknown,B085G9RB4Z,2
Unknown,B085GB379T,2
Unknown,B085GB4TPB,2
Unknown,B085GBZFKQ,2
Unknown,B085HRZN1M,2
Unknown,B085NYG5CR,2
Unknown,B085Y4P9YZ,2
Unknown,B0894X3VKQ,2
Unknown,B0894XC9DQ,2
Unknown,B0894XKKWY,2
Unknown,B0894XKSM1,2
Unknown,B0899CR21G,2
Unknown,B0899ZXMB7,2
Unknown,B089FZG2LK,2
Unknown,B089G1PFFK,2
Unknown,B089G1V1G3,2
Unknown,B089G235VW,2
Unknown,B08B3XRFYH,2
Unknown,B08B3YKPYF,2
Unknown,B08B3YPTVR,2
Unknown,B08B3Z2567,2
Unknown,B08B3ZCRC5,2
Unknown,B08B3ZF882,2
Unknown,B08B412RJH,2
Unknown,B08B4TR2M6,2
Unknown,B08BF4Q6HS,2
Unknown,B08BF8HVPS,2
Unknown,B08BFGV4Z5,2
Unknown,B08BJRCFNM,2
Unknown,B08BJRMLZC,2
Unknown,B08BJSCT99,2
Unknown,B08BK4SJMT,2
Unknown,B08BK59ZWF,2
Unknown,B08BK6GM1P,2
Unknown,B08C32Z715,2
Unknown,B08CDQ3M4V,2
Unknown,B08HHJNRQT,2
Unknown,B08HHJNTNT,2
Unknown,B08HHJQL5Q,2
Unknown,B08HK3TD6M,2
Unknown,B08HK3XSKF,2
Unknown,B08HK4G6F4,2
Unknown,B08HK4V5G7,2
Unknown,B08HK58DJW,2
Unknown,B08JGZY8TC,2
Unknown,B08KRH37G8,2
Unknown,B08KRKSFTS,2
Unknown,B08KRKYFJL,2
Unknown,B08KRV7P6S,2
Unknown,B08KRZGS3G,2
Unknown,B08KS4ZT3H,2
Unknown,B08L3R41W4,2
Unknown,B08L3SHYZH,2
Unknown,B08L3SV4VD,2
Unknown,B08L92JJ3B,2
Unknown,B08L92XBBR,2
Unknown,B08L93NCRY,2
Unknown,B08L947VKW,2
Unknown,B08L949J14,2
Unknown,B08LG8V5HK,2
Unknown,B08MXB7SQP,2
Unknown,B08MXCJDTN,2
Unknown,B08MXDM9RY,2
Unknown,B08MXF3X54,2
Unknown,B08MXGD5FG,2
Unknown,B08MYMMCXF,2
Unknown,B08MYSTW9C,2
Unknown,B08MYT94FH,2
Unknown,B08MYTCGT9,2
Unknown,B08MYV1CVX,2
Unknown,B08MYVX2D9,2
Unknown,B08MYX1DXG,2
Unknown,B08N1B4TPL,2
Unknown,B08N1BFLWX,2
Unknown,B08N1C6P4L,2
Unknown,B08N44NG72,2
Unknown,B08N47Z9YZ,2
Unknown,B08N48GPXB,2
Unknown,B08N49XKCL,2
Unknown,B08N4DK8X5,2
Unknown,B08N4GQLRY,2
Unknown,B08N4J7J1S,2
Unknown,B08N4LTTPV,2
Unknown,B08N4NJQ4G,2
Unknown,B08N4PV4P8,2
Unknown,B08P1DJ2RT,2
Unknown,B08P1F8WCY,2
Unknown,B08P1FMXZ5,2
Unknown,B08P1FQJJ4,2
Unknown,B08PCTJBKF,2
Unknown,B08PV31T1W,2
Unknown,B08PV41VKM,2
Unknown,B08PVRL2SR,2
Unknown,B08PVVKV32,2
Unknown,B08QGJ6WSL,2
Unknown,B08QGKK49Z,2
Unknown,B08QGKW666,2
Unknown,B08QGL2TZ6,2
Unknown,B08QGLBXXQ,2
Unknown,B08QGLF7N2,2
Unknown,B08QGLG46Y,2
Unknown,B08QGLNKNG,2
Unknown,B08QGLR6ZJ,2
Unknown,B08QGLS57Z,2
Unknown,B08QGM3XMF,2
Unknown,B08QGM4GQB,2
Unknown,B08QGN6D3M,2
Unknown,B08QGNCNNJ,2
Unknown,B08QGNJMCL,2
Unknown,B08QGPCSPM,2
Unknown,B08QGQK6ZR,2
Unknown,B08QGQKRFY,2
Unknown,B08QJLN4GN,2
Unknown,B08RDTFKPC,2
Unknown,B08RYNRYGQ,2
Unknown,B08TGX4J2J,2
Unknown,B08TH21TCJ,2
Unknown,B08TH27G2M,2
Unknown,B08TH2BJRS,2
Unknown,B08TH7SKGY,2
Unknown,B08TH9B983,2
Unknown,B08TRFYX25,2
Unknown,B08TRHNH61,2
Unknown,B08TZNX8NY,2
Unknown,B08TZQXJ12,2
Unknown,B08TZTH235,2
Unknown,B08V11XFHG,2
Unknown,B08V1886WQ,2
Unknown,B08V191THX,2
Unknown,B08VRJS7TK,2
Unknown,B08VW31TLG,2
Unknown,B08VW65TWT,2
Unknown,B08VW7WT5W,2
Unknown,B08W1PD48Y,2
Unknown,B08W1RQ2GZ,2
Unknown,B08W1SP4PR,2
Unknown,B08W27G7Q3,2
Unknown,B08W4ZHWRB,2
Unknown,B08W519YD1,2
Unknown,B08W8KNCDH,2
Unknown,B08W9LL6J6,2
Unknown,B08WHM4H72,2
Unknown,B08WHQSKJZ,2
Unknown,B08WHYM2X9,2
Unknown,B08WHYZM3K,2
Unknown,B08WJ2D4ZW,2
Unknown,B08WJ2JV9M,2
Unknown,B08WQ6WWC9,2
Unknown,B08WRLZVB9,2
Unknown,B08WRXKV88,2
Unknown,B08XNK3MXN,2
Unknown,B08XQ8Q3CK,2
Unknown,B08XQ9HMM5,2
Unknown,B08XQBNHQM,2
Unknown,B08XQBSZT6,2
Unknown,B08XQBXFPP,2
Unknown,B08XVKLMZK,2
Unknown,B08XVPKBKG,2
Unknown,B08XVQMSJV,2
Unknown,B08XWH2WNK,2
Unknown,B08XWH3B1Q,2
Unknown,B08YN9VTD5,2
Unknown,B08YNH5YL6,2
Unknown,B08YNPB5YK,2
Unknown,B08YNV88N7,2
Unknown,B08YYQZ8YG,2
Unknown,B08YYSCCWR,2
Unknown,B08YYSFRTV,2
Unknown,B08YYSRPY4,2
Unknown,B08YYT4GQJ,2
Unknown,B08YYTWZSV,2
Unknown,B08YYVHV6H,2
Unknown,B08YYW6DX7,2
Unknown,B08YYYB7PX,2
Unknown,B08YZ11WQW,2
Unknown,B08YZ18YTZ,2
Unknown,B08YZ1MK8Z,2
Unknown,B08YZ1PW81,2
Unknown,B08YZ3FBFL,2
Unknown,B08ZHFVV6F,2
Unknown,B08ZHH8P8R,2
Unknown,B08ZHHW8Z7,2
Unknown,B08ZHJW9M4,2
Unknown,B08ZHJYMGF,2
Unknown,B08ZHMSJVJ,2
Unknown,B08ZHSXP1S,2
Unknown,B08ZJ297YM,2
Unknown,B08ZJ44BFN,2
Unknown,B08ZJ56M9M,2
Unknown,B08ZJ5RSCH,2
Unknown,B08ZJ6WWBC,2
Unknown,B08ZJJK7MH,2
Unknown,B091GLRHWZ,2
Unknown,B091GMKCQP,2
Unknown,B091GMY4BX,2
Unknown,B091Q7MS68,2
Unknown,B091Q86HCQ,2
Unknown,B091Q94RXT,2
Unknown,B091Q9S5WQ,2
Unknown,B091XZYH3Y,2
Unknown,B091Y22QJ3,2
Unknown,B091Y895MC,2
Unknown,B091Y8JJF9,2
Unknown,B091YF6SWP,2
Unknown,B091YGZ995,2
Unknown,B091YK5174,2
Unknown,B091Z6ZXDF,2
Unknown,B091Z737NX,2
Unknown,B091Z87PMK,2
Unknown,B0922RKG6S,2
Unknown,B0922SDND3,2
Unknown,B0922SP1DH,2
Unknown,B0922T5HVS,2
Unknown,B0922T8X6N,2
Unknown,B0922TRFT7,2
Unknown,B0922TRNSV,2
Unknown,B0922VCDNR,2
Unknown,B0925V5D6Q,2
Unknown,B0925X1C7Q,2
Unknown,B0925XBHB3,2
Unknown,B09268MDVS,2
Unknown,B0928VL4RG,2
Unknown,B0928VZF2J,2
Unknown,B0928X21RD,2
Unknown,B0928XJ3BS,2
Unknown,B0928Y4GXD,2
Unknown,B0928ZDZ1X,2
Unknown,B09291MM7W,2
Unknown,B092937RH2,2
Unknown,B09296NJ5N,2
Unknown,B0929JZWL2,2
Unknown,B092CZDX84,2
Unknown,B092CZS27J,2
Unknown,B092D2BK4J,2
Unknown,B092D2LPT3,2
Unknown,B092D2QGV4,2
Unknown,B092D2ZZ78,2
Unknown,B092D32ZJH,2
Unknown,B092D3GKDX,2
Unknown,B092SGXQBG,2
Unknown,B093ZRGJHX,2
Unknown,B093ZS1FTT,2
Unknown,B09432HB15,2
Unknown,B09432J11D,2
Unknown,B09433WP4R,2
Unknown,B09434ZD32,2
Unknown,B094354VNS,2
Unknown,B094381F4W,2
Unknown,B094381R8G,2
Unknown,B09438BQYF,2
Unknown,B09438FK2J,2
Unknown,B09438M9DD,2
Unknown,B09439BXVY,2
Unknown,B0943BSBXT,2
Unknown,B0943BZY9W,2
Unknown,B0943CV4N8,2
Unknown,B0943DKGXG,2
Unknown,B0943FB4P2,2
Unknown,B0943J3JDV,2
Unknown,B0943J9RTL,2
Unknown,B094FH9CCW,2
Unknown,B094FJRNF2,2
Unknown,B094FMCJQP,2
Unknown,B094FNM537,2
Unknown,B09539VBXQ,2
Unknown,B0965JWL6S,2
Unknown,B0965KGKTK,2
Unknown,B097ZZKJLB,2
Unknown,B097ZZPVK6,2
Unknown,B097ZZTMZD,2
Unknown,B097ZZTMZG,2
Unknown,B097ZZYYVB,2
Unknown,B097ZZZWQN,2
Unknown,B098116JZX,2
Unknown,B098117TTK,2
Unknown,B09811991Q,2
Unknown,B09811C2Q7,2
Unknown,B09811DF4K,2
Unknown,B09811JFQH,2
Unknown,B098126CJG,2
Unknown,B0981293MP,2
Unknown,B09812CN87,2
Unknown,B09812HRK9,2
Unknown,B09812LVD9,2
Unknown,B09812MM2Q,2
Unknown,B09812PZ52,2
Unknown,B09814PZQZ,2
Unknown,B0982YHS8Y,2
Unknown,B0982ZDZ8K,2
Unknown,B0982ZNP24,2
Unknown,B09831Z4GF,2
Unknown,B098322SHW,2
Unknown,B0983CK2HV,2
Unknown,B0983CRC5B,2
Unknown,B0983DJRFK,2
Unknown,B0983DKTXR,2
Unknown,B0983DPSZK,2
Unknown,B0983DV4F1,2
Unknown,B0983F33FL,2
Unknown,B0983F9VYJ,2
Unknown,B0983FCRSN,2
Unknown,B0983FJZP6,2
Unknown,B0983GKG7G,2
Unknown,B0983NCWHZ,2
Unknown,B0986TP5RR,2
Unknown,B0986XGW73,2
Unknown,B0986XPC9V,2
Unknown,B0986XRKNX,2
Unknown,B0986XVY18,2
Unknown,B0986XWPC1,2
Unknown,B0986XYZ4L,2
Unknown,B0986YM94G,2
Unknown,B0986ZFY2S,2
Unknown,B0986ZMC3Y,2
Unknown,B0986ZVKPP,2
Unknown,B098714BZP,2
Unknown,B0987186SZ,2
Unknown,B098735JQJ,2
Unknown,B099FBQJHH,2
Unknown,B099FBRF4X,2
Unknown,B099FCLXD3,2
Unknown,B099FCSBQR,2
Unknown,B099FD9VJ2,2
Unknown,B099FD9VJ9,2
Unknown,B099FDMPVZ,2
Unknown,B099NJW4M1,2
Unknown,B099NLD5FQ,2
Unknown,B099NNRTTL,2
Unknown,B099NP47VY,2
Unknown,B099NPNDHW,2
Unknown,B099NQ9RLJ,2
Unknown,B099NQCZY6,2
Unknown,B099NQFP1M,2
Unknown,B099NQVSXH,2
Unknown,B099NQZBLR,2
Unknown,B099NRDGQR,2
Unknown,B099NRXFFX,2
Unknown,B099NSJ3TZ,2
Unknown,B099NTMTR8,2
Unknown,B099PJ1WGQ,2
Unknown,B099S788RD,2
Unknown,B099S7B6Q7,2
Unknown,B099S7FHCF,2
Unknown,B099S7MJZ7,2
Unknown,B099S7SGRB,2
Unknown,B099S7VZK9,2
Unknown,B099S8P3Z8,2
Unknown,B099S8Q3ZT,2
Unknown,B099S8WG92,2
Unknown,B099S91TCS,2
Unknown,B099S9Z51Z,2
Unknown,B099SBNHK6,2
Unknown,B099WYP44F,2
Unknown,B09B2BL58F,2
Unknown,B09B2CPK4P,2
Unknown,B09B2DHVDR,2
Unknown,B09B2FJXRX,2
Unknown,B09B2JDHPK,2
Unknown,B09B3GNW8K,2
Unknown,B09B57XLKV,2
Unknown,B09B75TDLV,2
Unknown,B09BQDLN22,2
Unknown,B09BQFDPV6,2
Unknown,B09BQFKTLT,2
Unknown,B09BQGSLYN,2
Unknown,B09BQL9KY1,2
Unknown,B09CSZ4KCC,2
Unknown,B09CT4QFXS,2
Unknown,B09CT8CZTD,2
Unknown,B09CT8YCQP,2
Unknown,B09CTB4JPF,2
Unknown,B09CTBRNWK,2
Unknown,B09DY9WP49,2
Unknown,B09G2T43P3,2
Unknown,B09HMG7SGL,2
Unknown,B09HMHL1XW,2
Unknown,B09HMSPY2J,2
Unknown,B09HMTQW6F,2
Unknown,B09HMVC7D1,2
Unknown,B09HMWQ1JL,2
Unknown,B09HMX1GSN,2
Unknown,B09HMXWMRR,2
Unknown,B09HMYJVZR,2
Unknown,B09J1C4WGF,2
Unknown,B09J1DL854,2
Unknown,B09K3F7D9H,2
Unknown,B09K3L39NB,2
Unknown,B09K3LV84M,2
Unknown,B09K3QNWTJ,2
Unknown,B09K3RCVR5,2
Unknown,B09K3T1GVF,2
Unknown,B09K3T675B,2
Unknown,B09K3TB2KY,2
Unknown,B09K3TM23C,2
Unknown,B09K3VT822,2
Unknown,B09K3W8FYH,2
Unknown,B09K3X672H,2
Unknown,B09K3X8KD7,2
Unknown,B09K3XCM24,2
Unknown,B09K3XLV91,2
Unknown,B09K3XTLXT,2
Unknown,B09K3XXDMV,2
Unknown,B09K3Y11ML,2
Unknown,B09K3Y8MSH,2
Unknown,B09K3Z2HX3,2
Unknown,B09K3ZCQPF,2
Unknown,B09K3ZWDZ2,2
Unknown,B09K43JMNS,2
Unknown,B09K43MP8R,2
Unknown,B09KRTDTQN,2
Unknown,B09KRTQ8MX,2
Unknown,B09KXNG8KS,2
Unknown,B09KXQ1BP9,2
Unknown,B09KXQN277,2
Unknown,B09KXR7F3X,2
Unknown,B09KXTBR4J,2
Unknown,B09KXTSG9G,2
Unknown,B09KXTXLMZ,2
Unknown,B09KXV1B67,2
Unknown,B09KXV1WLX,2
Unknown,B09KXV7YB4,2
Unknown,B09KXV8JGD,2
Unknown,B09KXV8THQ,2
Unknown,B09KXVGBRT,2
Unknown,B09KXVLVT5,2
Unknown,B09KXVM4V6,2
Unknown,B09KXVQTFX,2
Unknown,B09KXVWFQX,2
Unknown,B09KXW37V8,2
Unknown,B09LD23MRS,2
Unknown,B09LD3CHKT,2
Unknown,B09LD3QKCF,2
Unknown,B09LD4M5WF,2
Unknown,B09LM6QD6B,2
Unknown,B09LTYYPPT,2
Unknown,B09LTZ8XN6,2
Unknown,B09LTZGNNV,2
Unknown,B09LTZKSVQ,2
Unknown,B09LTZV48G,2
Unknown,B09LTZV6GM,2
Unknown,B09LTZZHG2,2
Unknown,B09LV231YV,2
Unknown,B09LV2CTYL,2
Unknown,B09LV4GXCX,2
Unknown,B09M6RZMD1,2
Unknown,B09M6VGNX8,2
Unknown,B09M76Q8J8,2
Unknown,B09NDHQMKC,2
Unknown,B09NDKVP42,2
Unknown,B09NQ3P98W,2
Unknown,B09PBVTDCM,2
Unknown,B09PBWN419,2
Unknown,B09PBWXJKQ,2
Unknown,B09PDCTLCF,2
Unknown,B09PDF9RS6,2
Unknown,B09PDGB8RG,2
Unknown,B09PN32VNJ,2
Unknown,B09PN3FDX8,2
Unknown,B09Q18LD8D,2
Unknown,B09Q194BM1,2
Unknown,B09Q3G7NGF,2
Unknown,B09Q3HH8TS,2
Unknown,B09Q3HW4LP,2
Unknown,B09Q66C74F,2
Unknown,B09QJ3CNZZ,2
Unknown,B09QJ3QCXF,2
Unknown,B09QJ3QY96,2
Unknown,B09QJ46ZS7,2
Unknown,B09QJ4BZPH,2
Unknown,B09QJ4QS15,2
Unknown,B09QJ4RWZG,2
Unknown,B09QJ4VMB5,2
Unknown,B09QJ68QLV,2
Unknown,B09QJLTPH8,2
Unknown,B09QJLX1G1,2
Unknown,B09QJM3X1K,2
Unknown,B09QJM78WH,2
Unknown,B09QJMW91M,2
Unknown,B09RK88FZB,2
Unknown,B09RKB5BQK,2
Unknown,B09RKBPP3G,2
Unknown,B09RKBVHJ1,2
Unknown,B09RKBWN5F,2
Unknown,B09RKBYVXN,2
Unknown,B09RKCCSKL,2
Unknown,B09RKCGNDV,2
Unknown,B09RKCLMD1,2
Unknown,B09RKCMN1K,2
Unknown,B09RKCSH3D,2
Unknown,B09RKCX5WR,2
Unknown,B09RKCY3CP,2
Unknown,B09RKDBB27,2
Unknown,B09RKDJX6S,2
Unknown,B09RKDMS1M,2
Unknown,B09RKDQBB6,2
Unknown,B09RKDSDPL,2
Unknown,B09RKDX2BQ,2
Unknown,B09RKDY38X,2
Unknown,B09RKF8QYM,2
Unknown,B09RKFHRZF,2
Unknown,B09RKKTHC2,2
Unknown,B09RMZQP28,2
Unknown,B09RSMSMCX,2
Unknown,B09SDX82TT,2
Unknown,B09SDXLC1B,2
Unknown,B09SDXQ3XB,2
Unknown,B09SDXT7CF,2
Unknown,B09SDXTH4Q,2
Unknown,B09SDXVF3V,2
Unknown,B09SDY1YPT,2
Unknown,B09SDY2618,2
Unknown,B09SDYL517,2
Unknown,B09SDYMGQQ,2
Unknown,B09SDYX29F,2
Unknown,B09SDZ13F9,2
Unknown,B09SDZ14KQ,2
Unknown,B09SDZ9BRQ,2
Unknown,B09SDZCJ3C,2
Unknown,B09TH5J938,2
Unknown,B09TH6LGG8,2
Unknown,B09TH7F1QB,2
Unknown,B09TH8T4GM,2
Unknown,B09TY1CM1M,2
Unknown,B09TZSHPM6,2
Unknown,B09TZWBRYB,2
Unknown,B09TZX7G1Q,2
Unknown,B09TZXLP3W,2
Unknown,B09VC5W6KP,2
Unknown,B09VZ6HK5S,2
Unknown,B09X1T9PHX,2
Unknown,B09X1TZ917,2
Unknown,B09X1V55VZ,2
Unknown,B09X1VNL92,2
Unknown,B09XKC4KRL,2
Unknown,B09XKC6FSQ,2
Unknown,B09Y262R3Y,2
Unknown,B09Y268W2D,2
Unknown,B09Y26S7X8,2
Unknown,B09Y2Z6W12,2
Unknown,B09Y39YDYQ,2
Unknown,B09Y3BRWN9,2
Unknown,B09Y3CBT63,2
Unknown,B09Y3CCRJV,2
Unknown,B09Y3GD14B,2
Unknown,B09Y3GKBNS,2
Unknown,B09Y3J15P7,2
Unknown,B09Y3K45P4,2
Unknown,B09YNWCBX7,2
Unknown,B09YYKD7P3,2
Unknown,B09YYKD8P1,2
Unknown,B09YYL78L7,2
Unknown,B09YYL9FK7,2
Unknown,B09YYLQMRC,2
Unknown,B09YYQKQG7,2
Unknown,B09YYV1LF9,2
Unknown,B0B3MPKTYP,2
Unknown,B0B3N8MV2B,2
Unknown,B0B3NB42VV,2
Unknown,B0B3VWMKGB,2
Unknown,B0B3VYV32C,2
Unknown,B072F5MVHT,1
Unknown,B0743FD3GJ,1
Unknown,B0743FQ3SJ,1
Unknown,B074X8TX37,1
Unknown,B07569S1QP,1
Unknown,B0768HCHHY,1
Unknown,B0768JGSXJ,1
Unknown,B077Z5Q8M4,1
Unknown,B077Z5QSRD,1
Unknown,B0781JD4D3,1
Unknown,B0781KGNLB,1
Unknown,B0785Q1NDR,1
Unknown,B0793PNXWG,1
Unknown,B0793QT2YL,1
Unknown,B0793R257Q,1
Unknown,B0793R5HQ7,1
Unknown,B0793RJ12G,1
Unknown,B0793RJYWG,1
Unknown,B0793S7D88,1
Unknown,B079WXNZ15,1
Unknown,B079WXRBVF,1
Unknown,B079WYGYC6,1
Unknown,B07D31NRQ2,1
Unknown,B07D358PCJ,1
Unknown,B07D361M2Y,1
Unknown,B07DTFMJWF,1
Unknown,B07FTGN97L,1
Unknown,B07FTHTK92,1
Unknown,B07FTQ4S8H,1
Unknown,B07G2BNYNV,1
Unknown,B07GRV8MPD,1
Unknown,B07GRVXGV9,1
Unknown,B07H7D5STQ,1
Unknown,B07H7DCJVZ,1
Unknown,B07H7DGF1T,1
Unknown,B07H7DZXJ5,1
Unknown,B07H7FZD32,1
Unknown,B07HWMGKPX,1
Unknown,B07HWR8GQQ,1
Unknown,B07HWVCR9H,1
Unknown,B07HWXSD8R,1
Unknown,B07HYT8XL9,1
Unknown,B07JK3ZRW3,1
Unknown,B07JKQ4HG1,1
Unknown,B07JKYYYGM,1
Unknown,B07JL2M1KM,1
Unknown,B07JL3S25P,1
Unknown,B07JM9DLHF,1
Unknown,B07JVXYGHZ,1
Unknown,B07K329NJ2,1
Unknown,B07K32X6RR,1
Unknown,B07K34C782,1
Unknown,B07K3YMN5Q,1
Unknown,B07K5BNJYC,1
Unknown,B07MY1RZL9,1
Unknown,B07MY3DFJ3,1
Unknown,B07MY3J82C,1
Unknown,B07MY3LH34,1
Unknown,B07MY3SNKX,1
Unknown,B07MY3SSQD,1
Unknown,B07MY3TG9X,1
Unknown,B07MY3X5CK,1
Unknown,B07MY5MGYC,1
Unknown,B07P7VDDF2,1
Unknown,B07R3KN99X,1
Unknown,B07R3KQQSD,1
Unknown,B07R41R515,1
Unknown,B07R41RZV7,1
Unknown,B07R41S1YG,1
Unknown,B07R4XJNW3,1
Unknown,B07R51FQDF,1
Unknown,B07R521KG3,1
Unknown,B07R527HMX,1
Unknown,B07R5WFM9L,1
Unknown,B07R5WHFHG,1
Unknown,B07R7B4VXN,1
Unknown,B07RRW4LPM,1
Unknown,B07RRX2NPB,1
Unknown,B07S8VF8G3,1
Unknown,B07SHSPX5F,1
Unknown,B07SLYHBWC,1
Unknown,B07SMNC6CQ,1
Unknown,B07SN1FX7M,1
Unknown,B07SNP2Z5V,1
Unknown,B07SRG9LZR,1
Unknown,B07SSF223Y,1
Unknown,B07SVLKLN3,1
Unknown,B07SWQHV2R,1
Unknown,B07T1XCJWG,1
Unknown,B07T5421QP,1
Unknown,B07T542CKK,1
Unknown,B07T65CC1N,1
Unknown,B07TD8SXKT,1
Unknown,B07TGHN66K,1
Unknown,B07V5WFLND,1
Unknown,B07V6ZF279,1
Unknown,B07V7BR2GL,1
Unknown,B07VP4X993,1
Unknown,B07VQ7PYM5,1
Unknown,B07VQ7QX6T,1
Unknown,B07VRCJKXQ,1
Unknown,B07VSG637W,1
Unknown,B07VT2MLST,1
Unknown,B07VT3QVYC,1
Unknown,B07W8G8K5W,1
Unknown,B07WF6K53C,1
Unknown,B07WF6KYQL,1
Unknown,B07WS17X3T,1
Unknown,B07WV1W876,1
Unknown,B07WV3H2CR,1
Unknown,B07WV3V8RH,1
Unknown,B07WW4LF5T,1
Unknown,B07WY55SNV,1
Unknown,B07WZFSDJL,1
Unknown,B07X1KKD5F,1
Unknown,B07X2KBK73,1
Unknown,B07X3N4X66,1
Unknown,B07XHM32J9,1
Unknown,B07XXSXYBT,1
Unknown,B07XXV7MPT,1
Unknown,B07ZYPF8SV,1
Unknown,B07ZYQQZ28,1
Unknown,B07ZYQYZMZ,1
Unknown,B07ZYSLVSQ,1
Unknown,B07ZYSM62N,1
Unknown,B07ZYSNDRL,1
Unknown,B07ZYSRBT1,1
Unknown,B07ZYT3LTD,1
Unknown,B081WRV647,1
Unknown,B081WT2JNL,1
Unknown,B081WT8M3L,1
Unknown,B081WV46SS,1
Unknown,B081WX6MFJ,1
Unknown,B081WYDGT4,1
Unknown,B081WYJ6CV,1
Unknown,B081WYYM3B,1
Unknown,B081WZ8S6B,1
Unknown,B081X163ZC,1
Unknown,B081X1YC1T,1
Unknown,B081X21VCN,1
Unknown,B081X375NW,1
Unknown,B081X3C299,1
Unknown,B081X57LDF,1
Unknown,B081X5V5J5,1
Unknown,B081X6J7GN,1
Unknown,B081X6MVKK,1
Unknown,B081X7PC1W,1
Unknown,B081X7XWMB,1
Unknown,B0822T1752,1
Unknown,B0822T71X7,1
Unknown,B0822THJ2X,1
Unknown,B0822TK32Y,1
Unknown,B0822TKT71,1
Unknown,B0822TZN8Y,1
Unknown,B082W6RDZG,1
Unknown,B082W7FFD3,1
Unknown,B082W7GR36,1
Unknown,B082W7JQ2D,1
Unknown,B082W7MG83,1
Unknown,B082W7PFF9,1
Unknown,B082W7QGKH,1
Unknown,B082W7S1S8,1
Unknown,B082W7W7W4,1
Unknown,B082W7Y4YW,1
Unknown,B082W7Z6YP,1
Unknown,B082W81KNG,1
Unknown,B082W81SS9,1
Unknown,B082W82DQY,1
Unknown,B082W89PR5,1
Unknown,B082W8HC1X,1
Unknown,B082W8M4CZ,1
Unknown,B082Z36JBJ,1
Unknown,B082Z39HTP,1
Unknown,B082Z3BS2J,1
Unknown,B082Z3FFL7,1
Unknown,B082Z3LQ96,1
Unknown,B082Z3MRPB,1
Unknown,B082Z486DJ,1
Unknown,B082Z48ST2,1
Unknown,B082Z4DYJP,1
Unknown,B08316WZM5,1
Unknown,B083176JF9,1
Unknown,B08394YHMH,1
Unknown,B083SL8FDL,1
Unknown,B083SMFDDQ,1
Unknown,B083SML1G7,1
Unknown,B083SMRCG9,1
Unknown,B083SMYXS1,1
Unknown,B083ZSJH3T,1
Unknown,B083ZSKBP6,1
Unknown,B08424NMB4,1
Unknown,B0845N4D5M,1
Unknown,B0845Q7QTZ,1
Unknown,B0845QLDCS,1
Unknown,B0845QZJCL,1
Unknown,B0845WMZ1J,1
Unknown,B0845Z3SQS,1
Unknown,B08461YHP4,1
Unknown,B0846264DH,1
Unknown,B08463N35Y,1
Unknown,B08467TCSR,1
Unknown,B084KHRNKJ,1
Unknown,B084KQ11DZ,1
Unknown,B084KXQGPW,1
Unknown,B084L3GC1D,1
Unknown,B085CFCWG7,1
Unknown,B085GB5K1X,1
Unknown,B085GBDW68,1
Unknown,B085GBVTPS,1
Unknown,B085GC1NSG,1
Unknown,B085GC2KYH,1
Unknown,B085GC49V4,1
Unknown,B085GC4CBG,1
Unknown,B085GC4VG9,1
Unknown,B085GC67TZ,1
Unknown,B085GCH73V,1
Unknown,B085GCLSBK,1
Unknown,B085H9N1Y3,1
Unknown,B085H9W3YM,1
Unknown,B085HGB1GT,1
Unknown,B085HHZ2YC,1
Unknown,B085HMZBP2,1
Unknown,B085HP1LQR,1
Unknown,B085HQ24NB,1
Unknown,B085HRVJPP,1
Unknown,B085J2CTB1,1
Unknown,B0893DNWGP,1
Unknown,B0893FC8RW,1
Unknown,B0893FXX9Q,1
Unknown,B0894WY9V7,1
Unknown,B0894XC1H5,1
Unknown,B0894XKJNW,1
Unknown,B0894XNNH1,1
Unknown,B0894XQJQV,1
Unknown,B0894XSNZV,1
Unknown,B0894XX73X,1
Unknown,B0894Y2NJQ,1
Unknown,B0894Y659D,1
Unknown,B0894YPW89,1
Unknown,B08999SMY4,1
Unknown,B0899ZJTHW,1
Unknown,B089B1BCRS,1
Unknown,B089FZQSBS,1
Unknown,B089G1L2FY,1
Unknown,B089G1R7G8,1
Unknown,B089G1TV2D,1
Unknown,B089G1ZXB6,1
Unknown,B089G22BRS,1
Unknown,B089G2BFX1,1
Unknown,B089G2C3QV,1
Unknown,B089G2R8D1,1
Unknown,B089G2TLQ6,1
Unknown,B089G2TPXW,1
Unknown,B089G32945,1
Unknown,B08B3GTCBN,1
Unknown,B08B3XTZKP,1
Unknown,B08B3XZM9D,1
Unknown,B08B3Y369G,1
Unknown,B08B3Y5NRM,1
Unknown,B08B3Y713K,1
Unknown,B08B3YBJ97,1
Unknown,B08B3YCWK5,1
Unknown,B08B3YGPBZ,1
Unknown,B08B3YNNM6,1
Unknown,B08B3YW2CS,1
Unknown,B08B3YZN3J,1
Unknown,B08B3ZB92M,1
Unknown,B08B3ZFHC6,1
Unknown,B08B3ZJVRS,1
Unknown,B08B3ZWN4X,1
Unknown,B08B4J5XQ7,1
Unknown,B08B4T2CTJ,1
Unknown,B08BF7BGBY,1
Unknown,B08BFKFRNN,1
Unknown,B08BFLWQW2,1
Unknown,B08BFN6TFG,1
Unknown,B08BFN855F,1
Unknown,B08BFV1DVW,1
Unknown,B08BFV51KV,1
Unknown,B08BFVYWW8,1
Unknown,B08BFWC9FF,1
Unknown,B08BJSMMBL,1
Unknown,B08BK4TN3K,1
Unknown,B08BK58THW,1
Unknown,B08C343R91,1
Unknown,B08CDQ4T1Y,1
Unknown,B08F39CNXK,1
Unknown,B08HHJPRJC,1
Unknown,B08HHJPSL3,1
Unknown,B08HHJQNHJ,1
Unknown,B08HK3J933,1
Unknown,B08HK3YJPX,1
Unknown,B08HK4F725,1
Unknown,B08HK4GR65,1
Unknown,B08HK4JGSY,1
Unknown,B08HK4T9MQ,1
Unknown,B08HK58ZRD,1
Unknown,B08HK5K7KF,1
Unknown,B08HK5Y9FH,1
Unknown,B08HK6HVBZ,1
Unknown,B08HK6JVFW,1
Unknown,B08HK6K553,1
Unknown,B08HK73HB7,1
Unknown,B08HK7JDDM,1
Unknown,B08KRJWWKP,1
Unknown,B08KRKZQZL,1
Unknown,B08KRSN2LX,1
Unknown,B08KRSPVXZ,1
Unknown,B08KRWPXML,1
Unknown,B08KRXDMC9,1
Unknown,B08KRXDR4Y,1
Unknown,B08KRYLJB5,1
Unknown,B08KRYSKWF,1
Unknown,B08KS1657Z,1
Unknown,B08KS4TZKZ,1
Unknown,B08L3R8455,1
Unknown,B08L3RM4X5,1
Unknown,B08L3SCMTC,1
Unknown,B08L3SJ51W,1
Unknown,B08L3SKGRS,1
Unknown,B08L3SKS8C,1
Unknown,B08L3SQMDS,1
Unknown,B08L3SXHNG,1
Unknown,B08L3T3RLL,1
Unknown,B08L3T722J,1
Unknown,B08L3V557H,1
Unknown,B08L92KTJP,1
Unknown,B08L933XKQ,1
Unknown,B08L93FJW9,1
Unknown,B08L93HXMF,1
Unknown,B08L93L6WQ,1
Unknown,B08L93M23B,1
Unknown,B08L93NLLX,1
Unknown,B08L94M2DG,1
Unknown,B08L94MKDR,1
Unknown,B08LGDV2GN,1
Unknown,B08MX9S6NY,1
Unknown,B08MXB9H3Z,1
Unknown,B08MXBHG7Q,1
Unknown,B08MXBM5TB,1
Unknown,B08MXBT88K,1
Unknown,B08MXC2FQ7,1
Unknown,B08MXCGQRW,1
Unknown,B08MXCJC5Z,1
Unknown,B08MXCWL6Z,1
Unknown,B08MXD7WBP,1
Unknown,B08MXDQM44,1
Unknown,B08MXFZQBM,1
Unknown,B08MYN1QTZ,1
Unknown,B08MYNLFDT,1
Unknown,B08MYNQJ96,1
Unknown,B08MYRD2QH,1
Unknown,B08MYS1L63,1
Unknown,B08MYSNSWX,1
Unknown,B08MYT459J,1
Unknown,B08MYT6X3H,1
Unknown,B08MYTNW25,1
Unknown,B08MYTT8X8,1
Unknown,B08MYTTHJX,1
Unknown,B08MYV23VX,1
Unknown,B08MYV5CHK,1
Unknown,B08MYV7XSM,1
Unknown,B08MYVH621,1
Unknown,B08MYVVD2B,1
Unknown,B08N19Q2L9,1
Unknown,B08N19YB92,1
Unknown,B08N1CG5PF,1
Unknown,B08N44JLV7,1
Unknown,B08N45HH5L,1
Unknown,B08N45SRK6,1
Unknown,B08N467Z6L,1
Unknown,B08N4BFDMG,1
Unknown,B08N4BTR9G,1
Unknown,B08N4DLL7D,1
Unknown,B08N4DYZDG,1
Unknown,B08N4SLRMB,1
Unknown,B08N4VPS2N,1
Unknown,B08P1FGFFG,1
Unknown,B08P1FH8H9,1
Unknown,B08PCTNMSH,1
Unknown,B08PV1NB1B,1
Unknown,B08PV2GZ9Z,1
Unknown,B08PV2QT9V,1
Unknown,B08PV3R8YL,1
Unknown,B08PV3XRTX,1
Unknown,B08PV556TK,1
Unknown,B08PV675F2,1
Unknown,B08PVRDJF7,1
Unknown,B08QGJYXZN,1
Unknown,B08QGKLWXC,1
Unknown,B08QGKP8XG,1
Unknown,B08QGKS41B,1
Unknown,B08QGKV5QF,1
Unknown,B08QGL2FCR,1
Unknown,B08QGL6BRP,1
Unknown,B08QGL7Y7Z,1
Unknown,B08QGL9C1P,1
Unknown,B08QGL9X1N,1
Unknown,B08QGLRK62,1
Unknown,B08QGLS28J,1
Unknown,B08QGLTM6G,1
Unknown,B08QGM64P7,1
Unknown,B08QGM6CQ9,1
Unknown,B08QGMNHMW,1
Unknown,B08QGNJZRM,1
Unknown,B08QGNQSLS,1
Unknown,B08RDT2LJR,1
Unknown,B08RDTBKTL,1
Unknown,B08RDTDYC4,1
Unknown,B08RDTTBPW,1
Unknown,B08RDTZLH6,1
Unknown,B08RJ5HH71,1
Unknown,B08RJL9WQK,1
Unknown,B08RP216N4,1
Unknown,B08RP2BV5Q,1
Unknown,B08RP3HQH3,1
Unknown,B08RYRTQ7G,1
Unknown,B08TH86DG1,1
Unknown,B08TH9KJM2,1
Unknown,B08TH9WKX7,1
Unknown,B08TRHRN6X,1
Unknown,B08TZD5W7J,1
Unknown,B08TZJPCCB,1
Unknown,B08TZQBTMC,1
Unknown,B08TZVXPSH,1
Unknown,B08TZYKRF2,1
Unknown,B08TZYS47B,1
Unknown,B08V1155GY,1
Unknown,B08V15KCG9,1
Unknown,B08V17S7Z3,1
Unknown,B08V18BDJ6,1
Unknown,B08V1B3SVD,1
Unknown,B08V1CRLTV,1
Unknown,B08V1DW1DY,1
Unknown,B08V1J175W,1
Unknown,B08V1J46Q6,1
Unknown,B08V1KSHHQ,1
Unknown,B08V1LLYYW,1
Unknown,B08V1N2D45,1
Unknown,B08V1PSCQ7,1
Unknown,B08V1RZKRG,1
Unknown,B08VRL3WXC,1
Unknown,B08VRMD8TQ,1
Unknown,B08VRPWN1B,1
Unknown,B08VS81D6M,1
Unknown,B08VWLBY4C,1
Unknown,B08W1L7BMY,1
Unknown,B08W1Y3CBS,1
Unknown,B08W23XVC6,1
Unknown,B08W28CDHX,1
Unknown,B08W51QN7D,1
Unknown,B08W8K7R9X,1
Unknown,B08W8L42SF,1
Unknown,B08W96HC6Q,1
Unknown,B08W9G1YSB,1
Unknown,B08W9KVT13,1
Unknown,B08W9N6WP1,1
Unknown,B08W9NJL3K,1
Unknown,B08WHM7TGG,1
Unknown,B08WHXN4Q9,1
Unknown,B08WJ1CQC4,1
Unknown,B08WJ1JD1T,1
Unknown,B08WJ1LBRJ,1
Unknown,B08WJ1TRNB,1
Unknown,B08WJ2YNM8,1
Unknown,B08WJ68DFN,1
Unknown,B08WPPX32Y,1
Unknown,B08WPT8KFM,1
Unknown,B08WPY2KWL,1
Unknown,B08WQCD1RK,1
Unknown,B08WS3J6YK,1
Unknown,B08XNFL1ZY,1
Unknown,B08XNG67ZL,1
Unknown,B08XNHF3KB,1
Unknown,B08XNHWN22,1
Unknown,B08XNHXXDY,1
Unknown,B08XQ8MJZG,1
Unknown,B08XQ9LFN7,1
Unknown,B08XQ9QH7W,1
Unknown,B08XQBC8FV,1
Unknown,B08XVFNF71,1
Unknown,B08XVFQLH6,1
Unknown,B08XVFSDR2,1
Unknown,B08XVNX5LD,1
Unknown,B08XVR446F,1
Unknown,B08XVRKF6V,1
Unknown,B08XVT2HP4,1
Unknown,B08XW83VLB,1
Unknown,B08XWBRM8L,1
Unknown,B08YN2YJ3W,1
Unknown,B08YN6P8X5,1
Unknown,B08YNCXZ9M,1
Unknown,B08YNHJ96P,1
Unknown,B08YNJKQFM,1
Unknown,B08YNSD6XG,1
Unknown,B08YYR9L27,1
Unknown,B08YYR9YQK,1
Unknown,B08YYS3YW2,1
Unknown,B08YYSK77H,1
Unknown,B08YYSPDYL,1
Unknown,B08YYSSBNB,1
Unknown,B08YYTBGMP,1
Unknown,B08YYVCCTQ,1
Unknown,B08YYW2WZY,1
Unknown,B08YYWG825,1
Unknown,B08YYX6VBZ,1
Unknown,B08YYY9W7R,1
Unknown,B08YYZ34V1,1
Unknown,B08YYZ9MFV,1
Unknown,B08YZ1BNXR,1
Unknown,B08YZ1YL7X,1
Unknown,B08YZ26R7R,1
Unknown,B08ZHCRTVS,1
Unknown,B08ZHMBHXP,1
Unknown,B08ZHMNKXY,1
Unknown,B08ZHPC5JP,1
Unknown,B08ZHQN562,1
Unknown,B08ZHS7GZX,1
Unknown,B08ZHSVQJL,1
Unknown,B08ZHVQXGS,1
Unknown,B08ZHW6KDY,1
Unknown,B08ZHZJYK8,1
Unknown,B08ZJ1DG4L,1
Unknown,B08ZJ1HDWL,1
Unknown,B08ZJ238H1,1
Unknown,B08ZJ2CB3B,1
Unknown,B08ZJ63CZL,1
Unknown,B08ZJ98WXH,1
Unknown,B08ZJ9R3JT,1
Unknown,B091GL8YZQ,1
Unknown,B091GLHBSL,1
Unknown,B091GM8VRC,1
Unknown,B091GM9QTY,1
Unknown,B091GMFT5B,1
Unknown,B091GMG77H,1
Unknown,B091GMHS71,1
Unknown,B091GMPYXL,1
Unknown,B091GMVKDK,1
Unknown,B091GMW334,1
Unknown,B091GN6CZ1,1
Unknown,B091GN811M,1
Unknown,B091GNG3DW,1
Unknown,B091GNY9GK,1
Unknown,B091GP22TP,1
Unknown,B091GP54JG,1
Unknown,B091GP61BH,1
Unknown,B091GP62JZ,1
Unknown,B091GP6Q9K,1
Unknown,B091GPB84Z,1
Unknown,B091GPQB62,1
Unknown,B091HHJ3JF,1
Unknown,B091Q8934K,1
Unknown,B091Q8BNLR,1
Unknown,B091Q9DBJX,1
Unknown,B091Q9HG65,1
Unknown,B091SJ3KF3,1
Unknown,B091XRCDYQ,1
Unknown,B091XZQ6J9,1
Unknown,B091Y3YSKX,1
Unknown,B091Y5QW6C,1
Unknown,B091Y65XXQ,1
Unknown,B091YFLK7F,1
Unknown,B091YFW1VZ,1
Unknown,B091YK61J2,1
Unknown,B091YZNJMZ,1
Unknown,B091Z4VV68,1
Unknown,B091Z61Y2K,1
Unknown,B091Z69GJ4,1
Unknown,B091Z6HG48,1
Unknown,B091Z6YG38,1
Unknown,B091Z7SXJ6,1
Unknown,B091Z82BFF,1
Unknown,B0922RQ7LY,1
Unknown,B0922S9QM7,1
Unknown,B0922SGMFS,1
Unknown,B0922T2H82,1
Unknown,B0922T9X49,1
Unknown,B0922TR9CG,1
Unknown,B0922TRMHM,1
Unknown,B0922TXZG5,1
Unknown,B0922VBTXT,1
Unknown,B0925VYVVH,1
Unknown,B0925WD8D9,1
Unknown,B0925WPXLT,1
Unknown,B0925X6S6T,1
Unknown,B0925XHLX3,1
Unknown,B0925Y1XGL,1
Unknown,B09263P7N6,1
Unknown,B09267GF6B,1
Unknown,B09269GCKQ,1
Unknown,B0926WH17C,1
Unknown,B0928VJC2R,1
Unknown,B0928W9G9B,1
Unknown,B0928X31BK,1
Unknown,B0928XH9S9,1
Unknown,B0928XJX1F,1
Unknown,B0928YCMQP,1
Unknown,B0928YYHRK,1
Unknown,B0928Z6QCC,1
Unknown,B0928ZCBZF,1
Unknown,B09291NNSB,1
Unknown,B092927YB8,1
Unknown,B092936P8C,1
Unknown,B0929376M6,1
Unknown,B09293V9DD,1
Unknown,B09295VJXH,1
Unknown,B09298GWKW,1
Unknown,B09299Y3ZK,1
Unknown,B0929B9QB7,1
Unknown,B0929B9WNZ,1
Unknown,B092CXSD1H,1
Unknown,B092CY182N,1
Unknown,B092CZMPXK,1
Unknown,B092CZQKDB,1
Unknown,B092CZTP9Q,1
Unknown,B092CZTQF6,1
Unknown,B092CZVBCR,1
Unknown,B092CZW18G,1
Unknown,B092CZW1NT,1
Unknown,B092D118NW,1
Unknown,B092D2B8N4,1
Unknown,B092D2FHMK,1
Unknown,B092D2Y3BF,1
Unknown,B092D4TSY6,1
Unknown,B092D4VYR4,1
Unknown,B092D4XKS1,1
Unknown,B092D6LS8F,1
Unknown,B093GNYKBH,1
Unknown,B093ZRNZ6Q,1
Unknown,B093ZRTBXN,1
Unknown,B093ZS7X8N,1
Unknown,B093ZS8LF7,1
Unknown,B093ZS97TX,1
Unknown,B093ZSHLJ1,1
Unknown,B09432TL5X,1
Unknown,B09433TH8P,1
Unknown,B09435CZV7,1
Unknown,B09435Y4V8,1
Unknown,B094373LWG,1
Unknown,B09438K2QJ,1
Unknown,B0943HSR64,1
Unknown,B0943HVJTJ,1
Unknown,B0943HXFNB,1
Unknown,B0943KX4RH,1
Unknown,B094FGPTXH,1
Unknown,B094FH578D,1
Unknown,B094FH94ZQ,1
Unknown,B094FK6BKH,1
Unknown,B094FKV8JK,1
Unknown,B094FLP3GT,1
Unknown,B094FMS2BZ,1
Unknown,B094FN9P2S,1
Unknown,B094FNYW6V,1
Unknown,B094FPG9YS,1
Unknown,B094FPVJQ8,1
Unknown,B094FQBK55,1
Unknown,B0965K6QBX,1
Unknown,B0965KHNST,1
Unknown,B0965KHYNH,1
Unknown,B0965L4NY5,1
Unknown,B0965L5TLG,1
Unknown,B0965LQN27,1
Unknown,B0965LYN1Y,1
Unknown,B0965MH568,1
Unknown,B0965MJSFS,1
Unknown,B0965MLQBB,1
Unknown,B0967Q555L,1
Unknown,B0967QNYNC,1
Unknown,B097ZYJM6P,1
Unknown,B097ZZR1BD,1
Unknown,B098116V7G,1
Unknown,B098117XW1,1
Unknown,B0981184FT,1
Unknown,B098119Y7R,1
Unknown,B09811F4VX,1
Unknown,B09811LWPN,1
Unknown,B09811Q5NS,1
Unknown,B09811QHPX,1
Unknown,B09811SPB4,1
Unknown,B098121MRZ,1
Unknown,B098124S5D,1
Unknown,B09812CBY7,1
Unknown,B098133MK4,1
Unknown,B09813LZV5,1
Unknown,B09814Q41H,1
Unknown,B0982ZST9P,1
Unknown,B09831KKVG,1
Unknown,B09831R71P,1
Unknown,B09831RQBB,1
Unknown,B09831TWB5,1
Unknown,B09831VWD9,1
Unknown,B09831XMWL,1
Unknown,B098327WXY,1
Unknown,B098329H34,1
Unknown,B09832BMFK,1
Unknown,B09832KF8C,1
Unknown,B09832YWD6,1
Unknown,B09833D3PN,1
Unknown,B0983BXKQH,1
Unknown,B0983CZ6KT,1
Unknown,B0983D28F9,1
Unknown,B0983D5FVX,1
Unknown,B0983DFCLF,1
Unknown,B0983DN3S7,1
Unknown,B0983DZ1LQ,1
Unknown,B0983F931X,1
Unknown,B0983F9F2N,1
Unknown,B0983FNQD1,1
Unknown,B0983G35K9,1
Unknown,B0983GKFV1,1
Unknown,B0983GKV6S,1
Unknown,B0983LKQHS,1
Unknown,B0983MGH2P,1
Unknown,B0983N7S42,1
Unknown,B0986RQ76F,1
Unknown,B0986S5GKS,1
Unknown,B0986TGXF9,1
Unknown,B0986TPXV3,1
Unknown,B0986X16BT,1
Unknown,B0986XCKXN,1
Unknown,B0986XHFW4,1
Unknown,B0986XNNKR,1
Unknown,B0986XV4QN,1
Unknown,B0986XVBGH,1
Unknown,B0986XXJ5Q,1
Unknown,B0986XYSRW,1
Unknown,B0986XZG4D,1
Unknown,B0986YS2YT,1
Unknown,B0986YWGF7,1
Unknown,B0986Z551L,1
Unknown,B0986ZCF8X,1
Unknown,B0986ZMJ95,1
Unknown,B0986ZRSH7,1
Unknown,B098711MQX,1
Unknown,B09871DFVT,1
Unknown,B09871DR4Z,1
Unknown,B09872TQWK,1
Unknown,B098736GK5,1
Unknown,B09874Z5WK,1
Unknown,B098P4234P,1
Unknown,B099F9PTF5,1
Unknown,B099F9Y3B6,1
Unknown,B099F9YDTF,1
Unknown,B099FB63Q6,1
Unknown,B099FB7KKH,1
Unknown,B099FB9NYR,1
Unknown,B099FBCC3V,1
Unknown,B099FBYHPK,1
Unknown,B099FC2WTQ,1
Unknown,B099FC3RRC,1
Unknown,B099FD3RH2,1
Unknown,B099FDKFX7,1
Unknown,B099FDV82Y,1
Unknown,B099FF49MY,1
Unknown,B099NDNDD4,1
Unknown,B099NGR5NV,1
Unknown,B099NHBL52,1
Unknown,B099NHFG2H,1
Unknown,B099NJ4MFZ,1
Unknown,B099NJ9F31,1
Unknown,B099NJJ559,1
Unknown,B099NJMH8D,1
Unknown,B099NK23VT,1
Unknown,B099NKHSGB,1
Unknown,B099NKQ22W,1
Unknown,B099NMFWBG,1
Unknown,B099NMKP4M,1
Unknown,B099NMMMSY,1
Unknown,B099NMN6LH,1
Unknown,B099NMNZ6S,1
Unknown,B099NMSHR7,1
Unknown,B099NMSJMX,1
Unknown,B099NMY9CB,1
Unknown,B099NN5C2K,1
Unknown,B099NN72V6,1
Unknown,B099NNC9GP,1
Unknown,B099NP12NN,1
Unknown,B099NP3QRK,1
Unknown,B099NP6XSG,1
Unknown,B099NPFSX3,1
Unknown,B099NPMH96,1
Unknown,B099NPQPJF,1
Unknown,B099NQ72F7,1
Unknown,B099NQ85GC,1
Unknown,B099NQGVWP,1
Unknown,B099NQKYR1,1
Unknown,B099NQZTBJ,1
Unknown,B099NR1PRJ,1
Unknown,B099NR6SDK,1
Unknown,B099NR97XL,1
Unknown,B099NRFLHB,1
Unknown,B099NRFMT3,1
Unknown,B099NRM3T4,1
Unknown,B099NRX48T,1
Unknown,B099NS1HFZ,1
Unknown,B099NS6GHG,1
Unknown,B099NS941D,1
Unknown,B099NTV5X1,1
Unknown,B099P5P6Y2,1
Unknown,B099S79GWP,1
Unknown,B099S7RDLZ,1
Unknown,B099S7SB4H,1
Unknown,B099S8831Z,1
Unknown,B099S89M91,1
Unknown,B099S8DFWD,1
Unknown,B099S8TJ3L,1
Unknown,B099S8Z87X,1
Unknown,B099S91D2B,1
Unknown,B099S97TKM,1
Unknown,B099WX645F,1
Unknown,B09B29BR1P,1
Unknown,B09B2BWFFK,1
Unknown,B09B2C6GF2,1
Unknown,B09B2CCQXY,1
Unknown,B09B2CGLXT,1
Unknown,B09B2CLBQB,1
Unknown,B09B2CS4HD,1
Unknown,B09B2DXDQ2,1
Unknown,B09B2FFF2X,1
Unknown,B09B2FKMMP,1
Unknown,B09B2FNCBT,1
Unknown,B09B2FP6L2,1
Unknown,B09B2FPJG1,1
Unknown,B09B2G1JX2,1
Unknown,B09B2GM8LV,1
Unknown,B09B2GSP8G,1
Unknown,B09B3G2FC7,1
Unknown,B09B3GVP53,1
Unknown,B09B55ZXXQ,1
Unknown,B09B57QMC1,1
Unknown,B09B57VTBF,1
Unknown,B09B5922WD,1
Unknown,B09B75WQWV,1
Unknown,B09B78CJTL,1
Unknown,B09BQF612S,1
Unknown,B09BQJNZKB,1
Unknown,B09BQL7JPR,1
Unknown,B09BQL8Q93,1
Unknown,B09BQLCM88,1
Unknown,B09CSV6Z84,1
Unknown,B09CSZLP1V,1
Unknown,B09CTFCJ6H,1
Unknown,B09CTHW7LF,1
Unknown,B09G2RD6FX,1
Unknown,B09G2SR3GF,1
Unknown,B09G2SYZCM,1
Unknown,B09G2SZTS6,1
Unknown,B09G2V3NJM,1
Unknown,B09HMLPD2H,1
Unknown,B09HMLV6G7,1
Unknown,B09HMRMCTC,1
Unknown,B09HMV69VV,1
Unknown,B09HMX1NZK,1
Unknown,B09HMX6W7S,1
Unknown,B09HMXJ5P6,1
Unknown,B09HMXZTKD,1
Unknown,B09HMYXTSJ,1
Unknown,B09J1C9DHS,1
Unknown,B09J2J4HFZ,1
Unknown,B09K355F91,1
Unknown,B09K3BNSHD,1
Unknown,B09K3BS8T2,1
Unknown,B09K3C7FMH,1
Unknown,B09K3DFH9Z,1
Unknown,B09K3FPFL9,1
Unknown,B09K3L1KML,1
Unknown,B09K3QPWXK,1
Unknown,B09K3R8WJ3,1
Unknown,B09K3RBH7W,1
Unknown,B09K3RCBLF,1
Unknown,B09K3RLTSZ,1
Unknown,B09K3SMBMP,1
Unknown,B09K3SSDJB,1
Unknown,B09K3T469Z,1
Unknown,B09K3T68VG,1
Unknown,B09K3TBL37,1
Unknown,B09K3TLN9C,1
Unknown,B09K3TMQSK,1
Unknown,B09K3TNSF1,1
Unknown,B09K3V46Z2,1
Unknown,B09K3VNXNN,1
Unknown,B09K3VPYMT,1
Unknown,B09K3VRZKK,1
Unknown,B09K3W31TF,1
Unknown,B09K3W66GK,1
Unknown,B09K3W7XTL,1
Unknown,B09K3WFZFT,1
Unknown,B09K3WHRVM,1
Unknown,B09K3WL939,1
Unknown,B09K3WR75H,1
Unknown,B09K3WYKQR,1
Unknown,B09K3X5YQM,1
Unknown,B09K3X9NBV,1
Unknown,B09K3XCKWK,1
Unknown,B09K3XDJ3V,1
Unknown,B09K3XM5G2,1
Unknown,B09K3XNJFG,1
Unknown,B09K3XRLGS,1
Unknown,B09K3XWCF3,1
Unknown,B09K3Y33FM,1
Unknown,B09K3Y4QD3,1
Unknown,B09K3Y651M,1
Unknown,B09K3YC4X8,1
Unknown,B09K3YC632,1
Unknown,B09K3YJSKF,1
Unknown,B09K3YRV3M,1
Unknown,B09K3Z3VK4,1
Unknown,B09K3ZC3LD,1
Unknown,B09K3ZCJF6,1
Unknown,B09KRS6GPP,1
Unknown,B09KRS7JSJ,1
Unknown,B09KXMMVY1,1
Unknown,B09KXMZY85,1
Unknown,B09KXNZ377,1
Unknown,B09KXPT2RF,1
Unknown,B09KXPW9PJ,1
Unknown,B09KXPXYMK,1
Unknown,B09KXQJYNP,1
Unknown,B09KXR4HR6,1
Unknown,B09KXR6L97,1
Unknown,B09KXR9FMJ,1
Unknown,B09KXRXFVF,1
Unknown,B09KXRZLQ4,1
Unknown,B09KXT1W6B,1
Unknown,B09KXT2VYZ,1
Unknown,B09KXTD3Q6,1
Unknown,B09KXTDZSC,1
Unknown,B09KXTLDMG,1
Unknown,B09KXTN87W,1
Unknown,B09KXTPQ1K,1
Unknown,B09KXTR2JS,1
Unknown,B09KXTTVWD,1
Unknown,B09KXV98RR,1
Unknown,B09KXVHL6D,1
Unknown,B09KXVNX6D,1
Unknown,B09KXVP5MK,1
Unknown,B09KXVY8HC,1
Unknown,B09KXX4B9X,1
Unknown,B09KXX6VFK,1
Unknown,B09KXXXMN5,1
Unknown,B09KXYQB8H,1
Unknown,B09LD1C5B2,1
Unknown,B09LD21CHJ,1
Unknown,B09LD22L9Q,1
Unknown,B09LD3PVC4,1
Unknown,B09LD4P7RC,1
Unknown,B09LD4QSZF,1
Unknown,B09LD52G37,1
Unknown,B09LTZ2CHY,1
Unknown,B09LTZ2W2B,1
Unknown,B09LTZ3XVM,1
Unknown,B09LTZ7RP1,1
Unknown,B09LTZMJ2F,1
Unknown,B09LTZR5VR,1
Unknown,B09LTZTJ3G,1
Unknown,B09LTZZW68,1
Unknown,B09LV12X37,1
Unknown,B09LV1BBHX,1
Unknown,B09LV1CMCQ,1
Unknown,B09LV24ZPD,1
Unknown,B09M6RWMSW,1
Unknown,B09M6SDYDS,1
Unknown,B09M6TQ9KT,1
Unknown,B09M6V5WP2,1
Unknown,B09M6VBZZL,1
Unknown,B09M6VZLVN,1
Unknown,B09M6ZDZHR,1
Unknown,B09M74SV2Q,1
Unknown,B09M77164V,1
Unknown,B09M779C74,1
Unknown,B09M77BM4P,1
Unknown,B09NDC94XY,1
Unknown,B09NDD6F7W,1
Unknown,B09NPX14Y5,1
Unknown,B09NPXRTKD,1
Unknown,B09NQ3JCNB,1
Unknown,B09NQ5JDF3,1
Unknown,B09NQ68YKL,1
Unknown,B09NQ6TBQW,1
Unknown,B09NQ7C4P4,1
Unknown,B09NQ7PS8L,1
Unknown,B09PCX7NT8,1
Unknown,B09PD1SNDL,1
Unknown,B09PDG9M5J,1
Unknown,B09PDPD1GM,1
Unknown,B09PY7YGTC,1
Unknown,B09Q18R2RN,1
Unknown,B09Q1943PQ,1
Unknown,B09Q3HC19H,1
Unknown,B09Q3JJ3D7,1
Unknown,B09Q3KHWS5,1
Unknown,B09QJ341YQ,1
Unknown,B09QJ3Q3CT,1
Unknown,B09QJ3T2Z4,1
Unknown,B09QJ42J5P,1
Unknown,B09QJ49JNZ,1
Unknown,B09QJ4HQK8,1
Unknown,B09QJ4HWCC,1
Unknown,B09QJ4TWHG,1
Unknown,B09QJ5CST2,1
Unknown,B09QJ5M6TX,1
Unknown,B09QJL4DYL,1
Unknown,B09QJLFDRK,1
Unknown,B09QJLYK2C,1
Unknown,B09RKBT7JT,1
Unknown,B09RKBWYBM,1
Unknown,B09RKBXN2Q,1
Unknown,B09RKBZKMF,1
Unknown,B09RKC4V2Y,1
Unknown,B09RKC7MNY,1
Unknown,B09RKCG8QR,1
Unknown,B09RKCQ3VW,1
Unknown,B09RKCVWFR,1
Unknown,B09RKD5B2W,1
Unknown,B09RKDBVR6,1
Unknown,B09RKDKFK4,1
Unknown,B09RKDT1CK,1
Unknown,B09RKDZHN2,1
Unknown,B09RKF16X1,1
Unknown,B09RKF225G,1
Unknown,B09RKF2BJF,1
Unknown,B09RKFC3KR,1
Unknown,B09RKFC5WN,1
Unknown,B09RKFC8CP,1
Unknown,B09RKFS437,1
Unknown,B09RKQT3C4,1
Unknown,B09RMQ4JMW,1
Unknown,B09RSPM9HX,1
Unknown,B09SDX9ZF5,1
Unknown,B09SDX9ZF6,1
Unknown,B09SDXCXCX,1
Unknown,B09SDXVG4X,1
Unknown,B09SDXW42C,1
Unknown,B09SDY42WF,1
Unknown,B09SDY97KL,1
Unknown,B09SDYFVGF,1
Unknown,B09SDYM2TY,1
Unknown,B09SDYQ6ZC,1
Unknown,B09SDYSSGW,1
Unknown,B09SDYZ8BM,1
Unknown,B09SDZHJ3Q,1
Unknown,B09TH5QJ45,1
Unknown,B09TH7395H,1
Unknown,B09TH89W4P,1
Unknown,B09TKYN2F5,1
Unknown,B09TKZD5VM,1
Unknown,B09TL21XRH,1
Unknown,B09TL5CCNF,1
Unknown,B09TY13BHC,1
Unknown,B09TY17YHW,1
Unknown,B09TY1GLH9,1
Unknown,B09TY1THSJ,1
Unknown,B09TY2F73Y,1
Unknown,B09TY2MHH6,1
Unknown,B09TY2QT4R,1
Unknown,B09TZQYZ11,1
Unknown,B09TZRWSM1,1
Unknown,B09TZS2MWW,1
Unknown,B09TZS8QXG,1
Unknown,B09TZV1KZC,1
Unknown,B09TZX3QMX,1
Unknown,B09TZXBKLL,1
Unknown,B09TZY9XYL,1
Unknown,B09VC2G2JV,1
Unknown,B09VC3V5WH,1
Unknown,B09VC5BVB6,1
Unknown,B09VC5KKCX,1
Unknown,B09VC5QDGQ,1
Unknown,B09VZ5YZJ7,1
Unknown,B09VZ6881G,1
Unknown,B09VZ6LZZZ,1
Unknown,B09VZDCTF4,1
Unknown,B09VZDKF1F,1
Unknown,B09W651B64,1
Unknown,B09X1TJ4BX,1
Unknown,B09X1TQTGX,1
Unknown,B09X1VB541,1
Unknown,B09X1VSXJD,1
Unknown,B09X1VTR39,1
Unknown,B09X1WXWRZ,1
Unknown,B09X1X594S,1
Unknown,B09Y266F7N,1
Unknown,B09Y26R9WV,1
Unknown,B09Y26X9YF,1
Unknown,B09Y26YFJ4,1
Unknown,B09Y27G27L,1
Unknown,B09Y3215FW,1
Unknown,B09Y3215FY,1
Unknown,B09Y347P5L,1
Unknown,B09Y356VLW,1
Unknown,B09Y35J4FQ,1
Unknown,B09Y36PT51,1
Unknown,B09Y3BDJZQ,1
Unknown,B09Y3C3NQV,1
Unknown,B09Y3CRQ27,1
Unknown,B09Y3CXSKQ,1
Unknown,B09Y3DS567,1
Unknown,B09Y3DWDFV,1
Unknown,B09Y3FHNBC,1
Unknown,B09Y3FX6RM,1
Unknown,B09Y3G8KC7,1
Unknown,B09Y3GFK82,1
Unknown,B09Y3GLNFL,1
Unknown,B09Y3GNPT8,1
Unknown,B09Y3J7PZL,1
Unknown,B09Y3JQ747,1
Unknown,B09YNXZ3YX,1
Unknown,B09YP11Q7X,1
Unknown,B09YP18KJQ,1
Unknown,B09YYKZKXG,1
Unknown,B09YYL7YFV,1
Unknown,B09YYLFCP2,1
Unknown,B09YYLFLDH,1
Unknown,B09YYQ9MG4,1
Unknown,B09YYQCNHZ,1
Unknown,B09YYQLP13,1
Unknown,B09YYR2MJV,1
Unknown,B0B1T4RTFX,1
Unknown,B0B1TCGVW8,1
Unknown,B0B1TT7K6M,1
Unknown,B0B3JK47SH,1
Unknown,B0B3MP94H5,1
Unknown,B0B3MPDQTD,1
Unknown,B0B3MPZQRN,1
Unknown,B0B3MQ2ZP4,1
Unknown,B0B3MQHKT1,1
Unknown,B0B3MQZJPW,1
Unknown,B0B3MR86JV,1
Unknown,B0B3MR8GR2,1
Unknown,B0B3MRSGRH,1
Unknown,B0B3MSBFQP,1
Unknown,B0B3MSK4TZ,1
Unknown,B0B3MWG4D5,1
Unknown,B0B3MY32FJ,1
Unknown,B0B3MY5X7C,1
Unknown,B0B3MYL7FV,1
Unknown,B0B3MYPS3X,1
Unknown,B0B3MYYMZK,1
Unknown,B0B3MYYSVP,1
Unknown,B0B3MZ1SGF,1
Unknown,B0B3MZ5X2N,1
Unknown,B0B3MZJXNC,1
Unknown,B0B3MZQHHY,1
Unknown,B0B3MZY63X,1
Unknown,B0B3N15K4L,1
Unknown,B0B3N16LC2,1
Unknown,B0B3N253J8,1
Unknown,B0B3N7JRQD,1
Unknown,B0B3N92MD7,1
Unknown,B0B3N97Y1C,1
Unknown,B0B3N996P7,1
Unknown,B0B3N9FHN1,1
Unknown,B0B3ND5DCY,1
Unknown,B0B3VXYB6G,1
Unknown,B0B3VZDR37,1
Unknown,B0B4992J2M,1
Unknown,B0B4994HY6,1
Unknown,B0B499JD9S,1
Unknown,B0B49CGL99,1
Unknown,B0B4GDJ9MK,1
